{
  "0x09CE1ae504469038E688FC9839FE86b6F5a977Cc": 1693.7921005538665,
  "0x2DB5e435df400d4C4770098dDa0E04a03a268581": 658.7024018781837,
  "0x63fdB65CcA5A9E66b7F8d925758cb935281b0Ad2": 1692.2025056471268,
  "0xC77bC739e42b541Dd06d92998D33f4fCdE433b84": 25.374679703076808,
  "0xe80ad3AaDC20B66a6CaC4253768eD90b6bcF9488": 169.31976321774627
}