{
  "0x09CE1ae504469038E688FC9839FE86b6F5a977Cc": 5.37640597849623,
  "0x63fdB65CcA5A9E66b7F8d925758cb935281b0Ad2": 5.371360313472058,
  "0x9c57027B1eca93093a6F446422C59C85A5A3Fa52": 7.2494161317813495,
  "0xC5aFc3a0F462C5a387393421b6A253204a3Be8D2": 27.51869203949839,
  "0xC77bC739e42b541Dd06d92998D33f4fCdE433b84": 0.08054387525685032,
  "0xF8aaE8D5dd1d7697a4eC6F561737e68a2ab8539e": 1075049.8412237589,
  "0xe422047Cf234E7c91aE89667fcDBD8A5B22bda95": 0.5374519027121336
}