{
  "0x09CE1ae504469038E688FC9839FE86b6F5a977Cc": 19.98429976568805,
  "0x2DB5e435df400d4C4770098dDa0E04a03a268581": 7.771736715035945,
  "0x43a8aB43669e39aa4d6c6D8b2f8f12300af43C4A": 45.27146087004853,
  "0x63fdB65CcA5A9E66b7F8d925758cb935281b0Ad2": 19.96554484227572,
  "0x9c57027B1eca93093a6F446422C59C85A5A3Fa52": 26.946347742931103,
  "0xC77bC739e42b541Dd06d92998D33f4fCdE433b84": 0.29938456170552935,
  "0xe80ad3AaDC20B66a6CaC4253768eD90b6bcF9488": 1.9977285897674735
}