{
  "0x05e4029c4f545e830c54468cAaA46aCd0B7b62b6": 2894.0719304438626,
  "0x0b32Aa5C1e71715206fE29b7BADB21ad95F272C0": 3935.4999382469623,
  "0x10C045DEeb189B6225C1Ed90C1002F27771E775d": 4459.380134469645,
  "0x11197272254aC4814828ad9c4571456B6483908d": 19.916912591460324,
  "0x11ca429c028cACcbB9487298C6BAb1c3ef19e844": 901.1286221511451,
  "0x141D0e329C152Fa5037636F8eD6515DF4aa2842e": 6065.546179222183,
  "0x1C55F22D3274E4856A53c9abFa41F723D9C45BFd": 1802.5715158758808,
  "0x1dE84cBA6689769843F68B685b27bf20fB28d2E4": 1197.7049150670275,
  "0x214362CFAaCDF7Ba9C1951FbC455f4e04c6F6d17": 1070485.7295617773,
  "0x218Eb2694357FD7Dfd79Da8eeefF3049c4fbaC4E": 0.8516084016677887,
  "0x24272bc950AA87B2F2755c6BC8517250106FF28a": 28229.927182951847,
  "0x27B059495eA5eE03033226a231bCD3BF030BE0e2": 193.82552140822483,
  "0x3179ab8bD45c6E9308EFEBbf908CFdaf0dDEc77C": 245.78439491345355,
  "0x31a48ca6aDDD6FF5e937EB263B13cE5Ed06689b9": 32.48245048867269,
  "0x379F29c017eC33E145D1fe721971Cc1B50a31253": 3.9872866941600456,
  "0x3Ba2eE92cDa1cFD3419FBD1983c5f10430e53484": 1259.3560556021234,
  "0x3e07Eeeb45844B2F25974837ccE3b18e3E1ade7D": 663.2788629523274,
  "0x3f1F7dD0BcbF57C713478664107d438F2B50608a": 11.522124802906063,
  "0x3f2b4cdFc0006e528204ff78C101B30281C87259": 204.25607065955725,
  "0x4158FbF2fDfFc139fc1eB0EEf81e4d24fC4303B5": 5.813457719720306,
  "0x4941e3456495E0b000DfB3723270B8539Bf40CA6": 1766.6383097573369,
  "0x4b1924114F99113336190DA281F12c01453F0165": 0.9971232757217614,
  "0x5353A05922e5C617000f13307326a9815583d55f": 2147.919042866958,
  "0x600B49F6f8cC68AD4971c3B7473284Da5cbFd1c9": 148.4740475266467,
  "0x62d51Fa08B15411D9429133aE5F224abf3867729": 0.9976862037277437,
  "0x6591C5468DF6C039601B10F1434115266d4b785b": 1287.277855084058,
  "0x65C2433Db1FB9e6EAb8be06460D599B3AB645D58": 8993.53887014483,
  "0x6dE6D98E1DC14058873eeD4bf6de6651Fa28e7BC": 100.58882294633476,
  "0x6f65D11A3ce2dCA3b9AEb72e2aE8607b6F4e43f4": 10293.209240264403,
  "0x707919bBB1c507d25dbf864f79958b76924224e5": 34.88759020364313,
  "0x71d52b98A548AC0516Cc0BbbEede201c18Fc1E4E": 499.61481684356454,
  "0x79B20a2aa5420E199D0FCC6bBBe8301A2e491c33": 995.59147988103,
  "0x7E9EFbc30b3b09087cbcCfF4D4D5C9e415c43c07": 817.1367491169859,
  "0x7a5A81C3ee63eB217C2eDaf1564d8fB77B39A2D3": 20144.63838924446,
  "0x7eD9bbF841C1B0C1ADBA737FdF4A89E5BdF41Bf1": 9968.161354109288,
  "0x86a69e4FA797262E9Cb539155ADF1aE6681A9766": 104.28160369989209,
  "0x8EE4582Ab51A020De62A2c42d0E383ab0140802c": 1.9886198230276346,
  "0x91ebfEE4F90aDb3C64d5F171cD8D1eFeCe9Cfad8": 7394.255711854216,
  "0x92cb6F6CF33aDd6512026Df011d5B3824c70dd6e": 5.3366115229594175,
  "0x93776953Cb3482E9E994cF7CbE62A61e7e4dFCA3": 30.52194552125387,
  "0x952929A9551718Dbd669CF3a9c05D98F466ABD83": 19.3670074521471,
  "0x973B41f1D6c45fB65DF0D3F075696e207E1E2d28": 11832.856456344281,
  "0x98f8F495CC2913FfcD98602581F4cd8E0D8939a1": 2440.009537601699,
  "0x99656ed4A36C3982E12013AE5A0555b47C67261d": 24.7198679889494,
  "0x9AfC2B8403145c24145E4b1A3ceFC00ebC16D983": 71.0646832357916,
  "0xA6920aEAdE73E0163b666FDD63e3b9BB3432232f": 2.991845986126886,
  "0xB056407dc4309A0e5b80926cb01848B073214350": 3680.4099777175547,
  "0xB323A8Ae8b9f923733Af526057bA9C9a50D1aeD5": 4079.620393182128,
  "0xBD8AE14893e89f7F6fCa517100D94F4d54b7b985": 99.70051648257964,
  "0xC1B78FB48FB862C25B9d8AF0F52c376Aa7aFeA84": 19.591371141979682,
  "0xC3a09044a55DcA6ab210161983ac9fE48a250876": 5978.801553108094,
  "0xC97327DAacc4BE88D5Ab2e910EB4f82351711c28": 355.5782209465648,
  "0xCA99d74d7055Aa8a32444852Da573b2CcC13Ff28": 14.555837430327921,
  "0xDe93A283495fA2834047B53871A8E4e09f96d841": 3275.6218842690914,
  "0xE03978BfEE6da6727327928edeb88E5F2fCCd0D0": 32.90949970624309,
  "0xEEaA37706d75C2Ea2F9028200E8A4304ac4a8b0b": 1096.5503403910757,
  "0xEc9611D1C0f730527Ec96678FF629501c288bfe0": 114.37319085566226,
  "0xF2b27ae0D6b9E951e53806Fc4932118d66CD0B7b": 7999803.947176146,
  "0xF8aaE8D5dd1d7697a4eC6F561737e68a2ab8539e": 1214307.3386569975,
  "0xFFb614d1F635c1765D036aA1167fcB64B09Ac65d": 270.87519751354137,
  "0xa0F3805cF8D52E5957933878affc10BE4AdEBc74": 39.85617018003998,
  "0xadfa2e8cb46D5aC3BD66461DAE51f99A783f17e7": 1035.7618900537432,
  "0xb17AB642f216ffFf5F0abaC3329a6eEACB16200b": 41675.48934949481,
  "0xc3874920984a62701b58D41a8CC0eD822De2F503": 604.1230714776328,
  "0xcCE9A28b570946123f392Cf1DbfA6D2D5e636a1f": 6.091827305297811,
  "0xd43e5d2FB4e769FDfCC9434c43474560559E36f1": 298.62874327295305,
  "0xd4dac402a04432D9dbb5C29226800443B6039Db9": 2609.127290946005,
  "0xd76A9CBA16b91f4a5927BD496F20De108ff445A7": 9.691354503635763,
  "0xe919047aA85E80cC19e619a081Dc4dd5620803af": 348.19009504347235,
  "0xeE67c87f8dCd30701817D29d2F7e07777933287d": 3484.9936648195353,
  "0xec2019Dbad0Cb77977a9730fa62677CCb45AB995": 97.39776144787162,
  "0xef932670905887d43D66e7aDb940ACD8C5F8ce84": 413.38406736383996,
  "0xf840Aea07B6079DE5ee29676ceA8B659452FDeE0": 353.63564924049734,
  "0xf889f93675e34F6352A869089BC5f30a40624448": 581.5101310026299,
  "0xf90b82BEe353168831088541C1eD983322Bf87D4": 129.2194880948666,
  "0xfaFF4a2De7455fA1A55962e12f762724A38c5fba": 187.02985967773907,
  "0xfe12948B55F1Da3c427a962cD260b3608211679E": 829.7876842284744
}