{
  "0x05e4029c4f545e830c54468cAaA46aCd0B7b62b6": 3464.9526887921634,
  "0x0b32Aa5C1e71715206fE29b7BADB21ad95F272C0": 4711.811392565771,
  "0x10C045DEeb189B6225C1Ed90C1002F27771E775d": 5339.031495636378,
  "0x11197272254aC4814828ad9c4571456B6483908d": 23.845696131552177,
  "0x11ca429c028cACcbB9487298C6BAb1c3ef19e844": 1078.884048950128,
  "0x141D0e329C152Fa5037636F8eD6515DF4aa2842e": 7262.027706224149,
  "0x1C55F22D3274E4856A53c9abFa41F723D9C45BFd": 2158.1443622641336,
  "0x1dE84cBA6689769843F68B685b27bf20fB28d2E4": 1433.9625847532423,
  "0x214362CFAaCDF7Ba9C1951FbC455f4e04c6F6d17": 1281648.3128634074,
  "0x218Eb2694357FD7Dfd79Da8eeefF3049c4fbaC4E": 1.0195955360046083,
  "0x24272bc950AA87B2F2755c6BC8517250106FF28a": 33798.52486319305,
  "0x27B059495eA5eE03033226a231bCD3BF030BE0e2": 232.059284530972,
  "0x3179ab8bD45c6E9308EFEBbf908CFdaf0dDEc77C": 294.2674959319037,
  "0x31a48ca6aDDD6FF5e937EB263B13cE5Ed06689b9": 38.88989522870048,
  "0x379F29c017eC33E145D1fe721971Cc1B50a31253": 4.773813534688528,
  "0x3Ba2eE92cDa1cFD3419FBD1983c5f10430e53484": 1507.7749468155155,
  "0x3e07Eeeb45844B2F25974837ccE3b18e3E1ade7D": 794.1163643618206,
  "0x3f1F7dD0BcbF57C713478664107d438F2B50608a": 13.794963731362813,
  "0x3f2b4cdFc0006e528204ff78C101B30281C87259": 244.5473499773759,
  "0x4158FbF2fDfFc139fc1eB0EEf81e4d24fC4303B5": 6.960212614354426,
  "0x4941e3456495E0b000DfB3723270B8539Bf40CA6": 2115.123019965196,
  "0x4b1924114F99113336190DA281F12c01453F0165": 1.193814479496879,
  "0x5353A05922e5C617000f13307326a9815583d55f": 2571.6146805474573,
  "0x600B49F6f8cC68AD4971c3B7473284Da5cbFd1c9": 177.76183956644374,
  "0x62d51Fa08B15411D9429133aE5F224abf3867729": 1.1944884499284383,
  "0x6591C5468DF6C039601B10F1434115266d4b785b": 1541.2045631194912,
  "0x65C2433Db1FB9e6EAb8be06460D599B3AB645D58": 10767.59231934012,
  "0x6dE6D98E1DC14058873eeD4bf6de6651Fa28e7BC": 120.430839629092,
  "0x6f65D11A3ce2dCA3b9AEb72e2aE8607b6F4e43f4": 12323.633928436771,
  "0x707919bBB1c507d25dbf864f79958b76924224e5": 41.76946958711302,
  "0x71d52b98A548AC0516Cc0BbbEede201c18Fc1E4E": 598.1681674086826,
  "0x79B20a2aa5420E199D0FCC6bBBe8301A2e491c33": 1191.9805236572915,
  "0x7E9EFbc30b3b09087cbcCfF4D4D5C9e415c43c07": 978.3240513754428,
  "0x7a5A81C3ee63eB217C2eDaf1564d8fB77B39A2D3": 24118.34281563735,
  "0x7eD9bbF841C1B0C1ADBA737FdF4A89E5BdF41Bf1": 11934.467530991136,
  "0x86a69e4FA797262E9Cb539155ADF1aE6681A9766": 124.8520533752189,
  "0x8EE4582Ab51A020De62A2c42d0E383ab0140802c": 2.38089230965597,
  "0x91ebfEE4F90aDb3C64d5F171cD8D1eFeCe9Cfad8": 8852.836704192297,
  "0x92cb6F6CF33aDd6512026Df011d5B3824c70dd6e": 6.389304374574237,
  "0x93776953Cb3482E9E994cF7CbE62A61e7e4dFCA3": 36.54266367346876,
  "0x952929A9551718Dbd669CF3a9c05D98F466ABD83": 23.18731743992382,
  "0x973B41f1D6c45fB65DF0D3F075696e207E1E2d28": 14166.989895172937,
  "0x98f8F495CC2913FfcD98602581F4cd8E0D8939a1": 2921.3225556197094,
  "0x99656ed4A36C3982E12013AE5A0555b47C67261d": 29.596076087079485,
  "0x9AfC2B8403145c24145E4b1A3ceFC00ebC16D983": 85.08280760604815,
  "0xA6920aEAdE73E0163b666FDD63e3b9BB3432232f": 3.5820135239321695,
  "0xB056407dc4309A0e5b80926cb01848B073214350": 4406.402727590157,
  "0xB323A8Ae8b9f923733Af526057bA9C9a50D1aeD5": 4884.360855688813,
  "0xBD8AE14893e89f7F6fCa517100D94F4d54b7b985": 119.36730702035423,
  "0xC1B78FB48FB862C25B9d8AF0F52c376Aa7aFeA84": 23.455938811139532,
  "0xC3a09044a55DcA6ab210161983ac9fE48a250876": 7158.171951178631,
  "0xC97327DAacc4BE88D5Ab2e910EB4f82351711c28": 425.7191052455193,
  "0xCA99d74d7055Aa8a32444852Da573b2CcC13Ff28": 17.42710245425763,
  "0xDe93A283495fA2834047B53871A8E4e09f96d841": 3921.7666762083263,
  "0xE03978BfEE6da6727327928edeb88E5F2fCCd0D0": 39.4011836037756,
  "0xEEaA37706d75C2Ea2F9028200E8A4304ac4a8b0b": 1312.8543939650087,
  "0xEc9611D1C0f730527Ec96678FF629501c288bfe0": 136.93429351643178,
  "0xF2b27ae0D6b9E951e53806Fc4932118d66CD0B7b": 9577834.574528668,
  "0xF8aaE8D5dd1d7697a4eC6F561737e68a2ab8539e": 1453839.9802158044,
  "0xFFb614d1F635c1765D036aA1167fcB64B09Ac65d": 324.3076766954115,
  "0xa0F3805cF8D52E5957933878affc10BE4AdEBc74": 47.71814500447032,
  "0xadfa2e8cb46D5aC3BD66461DAE51f99A783f17e7": 1240.0748952151125,
  "0xb17AB642f216ffFf5F0abaC3329a6eEACB16200b": 49896.34064005939,
  "0xc3874920984a62701b58D41a8CC0eD822De2F503": 723.2915805782209,
  "0xcCE9A28b570946123f392Cf1DbfA6D2D5e636a1f": 7.2934930120799955,
  "0xd43e5d2FB4e769FDfCC9434c43474560559E36f1": 357.53584977258896,
  "0xd4dac402a04432D9dbb5C29226800443B6039Db9": 3123.8002508036607,
  "0xd76A9CBA16b91f4a5927BD496F20De108ff445A7": 11.60305813140609,
  "0xe919047aA85E80cC19e619a081Dc4dd5620803af": 416.8736075079668,
  "0xeE67c87f8dCd30701817D29d2F7e07777933287d": 4172.438854167704,
  "0xec2019Dbad0Cb77977a9730fa62677CCb45AB995": 116.61031360729918,
  "0xef932670905887d43D66e7aDb940ACD8C5F8ce84": 494.92765561514517,
  "0xf840Aea07B6079DE5ee29676ceA8B659452FDeE0": 423.39334444278836,
  "0xf889f93675e34F6352A869089BC5f30a40624448": 696.2180417085973,
  "0xf90b82BEe353168831088541C1eD983322Bf87D4": 154.70915149299188,
  "0xfaFF4a2De7455fA1A55962e12f762724A38c5fba": 223.92311965632868,
  "0xfe12948B55F1Da3c427a962cD260b3608211679E": 993.4704930271415
}