{
  "0x00dEcFEec5d6D9D77275CFdc1e447cF284Ae13e2": 193696.75036055542,
  "0x0321b38211a46A7FEf2227b1860feAa393609bcc": 1496.4690239487686,
  "0x0573c12034be0Eb262EF0889DcfF64Dc4a8A0Fa5": 99761.88066172015,
  "0x05e4029c4f545e830c54468cAaA46aCd0B7b62b6": 2894.0719304438626,
  "0x0Bd32cd640547cd7A5CB1563844B45Be455F5a89": 41756.57697199997,
  "0x0b32Aa5C1e71715206fE29b7BADB21ad95F272C0": 3935.4999382469623,
  "0x0c82aDDDdB58A626dF16E0170F67F45922C7919d": 9.971357694387564,
  "0x0cba2Cb79a0E9C50DE5356D9289979C4B78b8658": 65.83111213307754,
  "0x0e6760f071d788733fFDDf73292cD36FbEf67F98": 4984.212733264071,
  "0x10bDCD43495873cbCc6851C6C3268fF946626F81": 29909.47652777431,
  "0x11197272254aC4814828ad9c4571456B6483908d": 19.916912591460324,
  "0x119279D16E0603E35274Adaf65ca57b0122FaE15": 77512.43769616909,
  "0x141D0e329C152Fa5037636F8eD6515DF4aa2842e": 6065.546179222183,
  "0x1d2Caf8c57c2A7AEfb335917d2955Af63fDfBc56": 3220.440356547768,
  "0x1dE84cBA6689769843F68B685b27bf20fB28d2E4": 1197.7049150670275,
  "0x1fD7DAe8CE6190509486e657629975e10eCFeF60": 69745.04911592399,
  "0x214362CFAaCDF7Ba9C1951FbC455f4e04c6F6d17": 39143621.883612946,
  "0x218Eb2694357FD7Dfd79Da8eeefF3049c4fbaC4E": 0.8516084016677887,
  "0x21E580FCDAaA5e94f0a2ec26aF5069d5C4661a10": 124331.6908962028,
  "0x2217ADe6aa2628857F39C92041B394cd1131061F": 6002.65752055023,
  "0x23D439b596F9E5265ab72cCbb176B5fe23af06d5": 25094.49917137998,
  "0x24272bc950AA87B2F2755c6BC8517250106FF28a": 28229.927182951847,
  "0x26c773C69a249D95e76824565b623B6E20235bB1": 325.9827953903976,
  "0x2A578A939Bdc5486FA8c4F0eF865b71CcA03ab7a": 28029.246957317853,
  "0x2a90B570775CBd7BBA7f4812Fd2CF197DeaaDDb7": 14690.859651268061,
  "0x2b33dB49Ae2d4474286EBCFEF389691b3101109b": 10157.877719216882,
  "0x2c268cBcB2A0AD4701B359373E138E3f7387Ba2B": 31467.475890975402,
  "0x2c6d8310Be7Ba428Fd2cf9D941b248c57aE6b0bf": 40.265716154507125,
  "0x2e63E949F7975C6f38F490adD23932E44c14Bd38": 654.6411472618886,
  "0x31a48ca6aDDD6FF5e937EB263B13cE5Ed06689b9": 32.48245048867269,
  "0x379F29c017eC33E145D1fe721971Cc1B50a31253": 3.9872866941600456,
  "0x394e8Edc9f642EBA38fB3f685c6E6543E6F07a45": 0.003525137681748004,
  "0x3Ba2eE92cDa1cFD3419FBD1983c5f10430e53484": 1259.3560556021234,
  "0x3a4AE89C3dDBC3fB2cC008126069CdACCd9A104A": 1777667.5400125734,
  "0x3ca26C6DC9BC79936C37D7A56fE463803dDf50B0": 279697.3704330571,
  "0x414E0899BA15A2e747d93741C8Ae2ACDB5C1E429": 149625.66118759307,
  "0x415b918C165E26516b0BCBeD7930ac594ada0069": 59809.93568981582,
  "0x4176278Ed9F34a9bfc99E46b16Be74D22BeD712f": 1984196.4113511664,
  "0x45fd13431AF9f40E6926152Cd2cB252d66ff695A": 6868.583570321421,
  "0x4941e3456495E0b000DfB3723270B8539Bf40CA6": 1766.6383097573369,
  "0x4A4a10Bf794619c0b8361Be60EF60C8E50397796": 28561.193418004976,
  "0x4b1924114F99113336190DA281F12c01453F0165": 0.9971232757217614,
  "0x4f18AFFF89c59c357f36059331dbe57157dB5EcA": 2080.436261871312,
  "0x5353A05922e5C617000f13307326a9815583d55f": 2147.919042866958,
  "0x538590C0821fD57AB9961FE7e63FE6eba252768b": 199392.59375594574,
  "0x56B8A86d33da5dA1A99E312DE12e775D91c5D710": 79760.044030866,
  "0x5987f1A632E283403c4CaB7B0Ab1D39bbd43515E": 12502.988669432685,
  "0x5E1af805f2c10dCE86bb610BADd6445F92921163": 2822.953894524569,
  "0x60Ef05cddF97061e17c4BC270E4Bc8aeDCc70dFd": 12432.634624457967,
  "0x60b1F37EB3bC28A17a6E56C861e0C91396aC05Dd": 21005.22529228648,
  "0x62d51Fa08B15411D9429133aE5F224abf3867729": 0.9976862037277437,
  "0x64e18cb7BE85eC89ed02E27846cBe31fE259bdd0": 918.4924890055762,
  "0x6Ad792CD9649988703344753de874f4957B6bF2f": 3368.8541136451186,
  "0x6efE8c8bd7b6359568F4Ed5d361c73B1B9C359B9": 39913.09156305838,
  "0x6f65D11A3ce2dCA3b9AEb72e2aE8607b6F4e43f4": 10293.209240264403,
  "0x6fFE2bAc6b0f35352EeF775ce6CAcCb0D513a3B8": 1.7249512459e-08,
  "0x707919bBB1c507d25dbf864f79958b76924224e5": 34.88759020364313,
  "0x72683c6D0732B3149A682CD426976112Bb684ff0": 9317.133311971498,
  "0x78D2128fC155976De4605BA9b4826CAA00b3E408": 8867.37769222057,
  "0x79B20a2aa5420E199D0FCC6bBBe8301A2e491c33": 995.59147988103,
  "0x7AF3EDC58487baD40A21b93D90f14453282d8Df3": 99676.10122457205,
  "0x7a5A81C3ee63eB217C2eDaf1564d8fB77B39A2D3": 20144.63838924446,
  "0x7eD9bbF841C1B0C1ADBA737FdF4A89E5BdF41Bf1": 9968.161354109288,
  "0x81080a7e991bcDdDBA8C2302A70f45d6Bd369Ab5": 91.41037974898464,
  "0x8585988D50FDb3f329fA3405BB60F208EEa31604": 3561.358603195834,
  "0x877d8044999f2be19e6d5b019e48D9F74c6DA9Ab": 540.1058267629654,
  "0x8811cF03DC08447f3f69e568CfE134903b98ee31": 20718.807014075843,
  "0x90C0Bf8D71369d21F8ADDF0Da33D21DcB0B1C384": 271834.18424980907,
  "0x920B70eFa082fefD0267989De3bB08F87f4bA818": 5480.345524995327,
  "0x92cb6F6CF33aDd6512026Df011d5B3824c70dd6e": 5.3366115229594175,
  "0x97FB9d25A5490D14e6598cE97F0e62Bc0806F4DA": 824.5327014513814,
  "0x98f8F495CC2913FfcD98602581F4cd8E0D8939a1": 2440.009537601699,
  "0x99656ed4A36C3982E12013AE5A0555b47C67261d": 24.7198679889494,
  "0x9B9Ec109f4D01134696A9270ba382e69D383232e": 664.8038811789531,
  "0x9CBC9496aF2606446a15f85535BCCD1F7d20EAd5": 494.0189193129701,
  "0x9b76F74f6533145C1f7A65a269C8d574f7aDC9E1": 2610.754955109884,
  "0xA0Ff14bc3aC4B995E85cB9c8C07A9688609A42a2": 4438.599730649766,
  "0xA253A5A36A916a6243b6A1DBed2Ee644263c3397": 3328834.1715777214,
  "0xA6920aEAdE73E0163b666FDD63e3b9BB3432232f": 2.991845986126886,
  "0xAB46cbca0f463048A707e51C744Cf5977c920317": 8542.67925019748,
  "0xAB9497dE5d2D768Ca9D65C4eFb19b538927F6732": 500.3314043473373,
  "0xACc0E80e3CCcede7D2948Ab542700BB9499d2623": 14107.039361299363,
  "0xB3e74dE43176bB5d9922Fc611E30EE736a5B65ad": 10743.814567796842,
  "0xB891b618535473e4E6f6169bD802Ef0ED9Cce1D8": 3685.043809733501,
  "0xB93990f92f79B4fAF4DA6d5C2684476f745ed43b": 4988.908933595828,
  "0xBD8AE14893e89f7F6fCa517100D94F4d54b7b985": 99.70051648257964,
  "0xC1B78FB48FB862C25B9d8AF0F52c376Aa7aFeA84": 19.591371141979682,
  "0xC5Dd397e86E7b4A9e08F8dFabb6dA013729d1799": 229035.9539778839,
  "0xC6b93129D1d1bC4A23c740282267143793fd2973": 199494.04708641526,
  "0xCA99d74d7055Aa8a32444852Da573b2CcC13Ff28": 14.555837430327921,
  "0xCC0546a446f71869A0281dc3511305Bf090d2b16": 1006.277648325875,
  "0xDd4d6015232542aD1A273dF1A21DE8091fBe0DD0": 6001.487364744573,
  "0xE03978BfEE6da6727327928edeb88E5F2fCCd0D0": 32.90949970624309,
  "0xE256e13dE9Fc054a5f42232c7cd8FEf09F0838A5": 33316.43600522249,
  "0xE66fBC8Be19bD6B60a7FdC743a1019435EE0a04F": 150.63084473275927,
  "0xE89762F03B6f8C129591ADcfbDCFcfBD13e00867": 1337.1978247250333,
  "0xEBdc9C0aE9B7BE9C4a7987906092a61390049BA4": 22839.908638529425,
  "0xF2b27ae0D6b9E951e53806Fc4932118d66CD0B7b": 7999803.947176146,
  "0xF8aaE8D5dd1d7697a4eC6F561737e68a2ab8539e": 1214307.3386569975,
  "0xFFb614d1F635c1765D036aA1167fcB64B09Ac65d": 270.87519751354137,
  "0xa0F3805cF8D52E5957933878affc10BE4AdEBc74": 39.85617018003998,
  "0xa838b09AE1b2223298D1dc43dCe715D06AacD47F": 109076.23104630613,
  "0xaa468cbb06FA47958b85a97C75567BDbc701e006": 74.75641609323938,
  "0xadfa2e8cb46D5aC3BD66461DAE51f99A783f17e7": 1035.7618900537432,
  "0xb16E29d3d50Ed2559A85caeaAe09787557241B9E": 4003.672771812829,
  "0xb476765b93e45a798555C170a2eCdc918c0F7E5F": 31641.027345252627,
  "0xcCE9A28b570946123f392Cf1DbfA6D2D5e636a1f": 6.091827305297811,
  "0xd43e5d2FB4e769FDfCC9434c43474560559E36f1": 298.62874327295305,
  "0xd702CDb2F959aBa52A0aa9B71305c959148aF09c": 17941.90338014188,
  "0xe057E6386047C690f6D2804Ecd61E68441774bBc": 239683.17123476643,
  "0xe7c2Bf4575f9F98862449fd6B152E6c9774380a1": 3977.79811317749,
  "0xe919047aA85E80cC19e619a081Dc4dd5620803af": 348.19009504347235,
  "0xe9b8d19421278C4776775FF82cb8d7df65A510d4": 13040.133889837434,
  "0xeE67c87f8dCd30701817D29d2F7e07777933287d": 3484.9936648195353,
  "0xef932670905887d43D66e7aDb940ACD8C5F8ce84": 413.38406736383996,
  "0xf0F6856f2689aFE45A7Bd0d41900ef510622AfB0": 54836.72694767486,
  "0xf3E27E435739B16C5102fbA7485BFB243027B94a": 2012.8132127856245,
  "0xf4f3476C8Ff5c862BB3716Aed660c001107E9B57": 4740.0620669731725,