{
  "0x00dEcFEec5d6D9D77275CFdc1e447cF284Ae13e2": 70541.06277677316,
  "0x0321b38211a46A7FEf2227b1860feAa393609bcc": 544.988571906178,
  "0x0573c12034be0Eb262EF0889DcfF64Dc4a8A0Fa5": 36331.58054220221,
  "0x05e4029c4f545e830c54468cAaA46aCd0B7b62b6": 1053.971784998573,
  "0x0Bd32cd640547cd7A5CB1563844B45Be455F5a89": 15207.035286043943,
  "0x0b32Aa5C1e71715206fE29b7BADB21ad95F272C0": 1433.2421565416182,
  "0x0c82aDDDdB58A626dF16E0170F67F45922C7919d": 3.6313989149540853,
  "0x0cba2Cb79a0E9C50DE5356D9289979C4B78b8658": 23.97457161774813,
  "0x0e6760f071d788733fFDDf73292cD36FbEf67F98": 1815.1655237142868,
  "0x10bDCD43495873cbCc6851C6C3268fF946626F81": 10892.522757551651,
  "0x11197272254aC4814828ad9c4571456B6483908d": 7.2534008898882085,
  "0x119279D16E0603E35274Adaf65ca57b0122FaE15": 28228.7117534402,
  "0x141D0e329C152Fa5037636F8eD6515DF4aa2842e": 2208.9687772638054,
  "0x1d2Caf8c57c2A7AEfb335917d2955Af63fDfBc56": 1172.829616073681,
  "0x1dE84cBA6689769843F68B685b27bf20fB28d2E4": 436.18376376745886,
  "0x1fD7DAe8CE6190509486e657629975e10eCFeF60": 25399.96091259884,
  "0x214362CFAaCDF7Ba9C1951FbC455f4e04c6F6d17": 14255441.474688327,
  "0x218Eb2694357FD7Dfd79Da8eeefF3049c4fbaC4E": 0.31014129876444396,
  "0x21E580FCDAaA5e94f0a2ec26aF5069d5C4661a10": 45279.48763376585,
  "0x2217ADe6aa2628857F39C92041B394cd1131061F": 2186.065797161829,
  "0x23D439b596F9E5265ab72cCbb176B5fe23af06d5": 9138.989880340714,
  "0x24272bc950AA87B2F2755c6BC8517250106FF28a": 10280.859445961389,
  "0x26c773C69a249D95e76824565b623B6E20235bB1": 118.71739092668227,
  "0x2A578A939Bdc5486FA8c4F0eF865b71CcA03ab7a": 10207.775120240109,
  "0x2a90B570775CBd7BBA7f4812Fd2CF197DeaaDDb7": 5350.161275167677,
  "0x2b33dB49Ae2d4474286EBCFEF389691b3101109b": 3699.3263363285723,
  "0x2c268cBcB2A0AD4701B359373E138E3f7387Ba2B": 11459.919632724637,
  "0x2c6d8310Be7Ba428Fd2cf9D941b248c57aE6b0bf": 14.664089127564607,
  "0x2e63E949F7975C6f38F490adD23932E44c14Bd38": 238.40917402744222,
  "0x31a48ca6aDDD6FF5e937EB263B13cE5Ed06689b9": 11.829556122132537,
  "0x379F29c017eC33E145D1fe721971Cc1B50a31253": 1.4521020124404402,
  "0x394e8Edc9f642EBA38fB3f685c6E6543E6F07a45": 0.0012837952007045822,
  "0x3Ba2eE92cDa1cFD3419FBD1983c5f10430e53484": 458.6360608072934,
  "0x3a4AE89C3dDBC3fB2cC008126069CdACCd9A104A": 647396.2898336529,
  "0x3ca26C6DC9BC79936C37D7A56fE463803dDf50B0": 101861.02621489577,
  "0x414E0899BA15A2e747d93741C8Ae2ACDB5C1E429": 54491.12150411985,
  "0x415b918C165E26516b0BCBeD7930ac594ada0069": 21781.761543838664,
  "0x4176278Ed9F34a9bfc99E46b16Be74D22BeD712f": 722610.5928676113,
  "0x45fd13431AF9f40E6926152Cd2cB252d66ff695A": 2501.4213399019604,
  "0x4941e3456495E0b000DfB3723270B8539Bf40CA6": 643.3796317205669,
  "0x4A4a10Bf794619c0b8361Be60EF60C8E50397796": 10401.500975771312,
  "0x4b1924114F99113336190DA281F12c01453F0165": 0.36313534149612764,
  "0x4f18AFFF89c59c357f36059331dbe57157dB5EcA": 757.6595099223982,
  "0x5353A05922e5C617000f13307326a9815583d55f": 782.2355912541916,
  "0x538590C0821fD57AB9961FE7e63FE6eba252768b": 72615.39208675378,
  "0x56B8A86d33da5dA1A99E312DE12e775D91c5D710": 29047.251761252403,
  "0x5987f1A632E283403c4CaB7B0Ab1D39bbd43515E": 4553.375867101489,
  "0x5E1af805f2c10dCE86bb610BADd6445F92921163": 1028.0718056390572,
  "0x60Ef05cddF97061e17c4BC270E4Bc8aeDCc70dFd": 4527.75412025275,
  "0x60b1F37EB3bC28A17a6E56C861e0C91396aC05Dd": 7649.745869382355,
  "0x62d51Fa08B15411D9429133aE5F224abf3867729": 0.36334035030363154,
  "0x64e18cb7BE85eC89ed02E27846cBe31fE259bdd0": 334.499346046495,
  "0x6Ad792CD9649988703344753de874f4957B6bF2f": 1226.8793827158838,
  "0x6efE8c8bd7b6359568F4Ed5d361c73B1B9C359B9": 14535.669247542264,
  "0x6f65D11A3ce2dCA3b9AEb72e2aE8607b6F4e43f4": 3748.611775057509,
  "0x6fFE2bAc6b0f35352EeF775ce6CAcCb0D513a3B8": 6.281979119288518e-09,
  "0x707919bBB1c507d25dbf864f79958b76924224e5": 12.705467108273634,
  "0x72683c6D0732B3149A682CD426976112Bb684ff0": 3393.1415195966397,
  "0x78D2128fC155976De4605BA9b4826CAA00b3E408": 3229.3481707252713,
  "0x79B20a2aa5420E199D0FCC6bBBe8301A2e491c33": 362.57748749826186,
  "0x7AF3EDC58487baD40A21b93D90f14453282d8Df3": 36300.34112982406,
  "0x7a5A81C3ee63eB217C2eDaf1564d8fB77B39A2D3": 7336.334753091795,
  "0x7eD9bbF841C1B0C1ADBA737FdF4A89E5BdF41Bf1": 3630.23486217671,
  "0x81080a7e991bcDdDBA8C2302A70f45d6Bd369Ab5": 33.29010592237026,
  "0x8585988D50FDb3f329fA3405BB60F208EEa31604": 1296.986244379439,
  "0x877d8044999f2be19e6d5b019e48D9F74c6DA9Ab": 196.69735791058454,
  "0x8811cF03DC08447f3f69e568CfE134903b98ee31": 7545.437202840129,
  "0x90C0Bf8D71369d21F8ADDF0Da33D21DcB0B1C384": 98997.38751602524,
  "0x920B70eFa082fefD0267989De3bB08F87f4bA818": 1995.8486500031063,
  "0x92cb6F6CF33aDd6512026Df011d5B3824c70dd6e": 1.943503170577672,
  "0x97FB9d25A5490D14e6598cE97F0e62Bc0806F4DA": 300.2807891527163,
  "0x98f8F495CC2913FfcD98602581F4cd8E0D8939a1": 888.6099826016366,
  "0x99656ed4A36C3982E12013AE5A0555b47C67261d": 9.002555574092517,
  "0x9B9Ec109f4D01134696A9270ba382e69D383232e": 242.11026890844997,
  "0x9CBC9496aF2606446a15f85535BCCD1F7d20EAd5": 179.9132898992944,
  "0x9b76F74f6533145C1f7A65a269C8d574f7aDC9E1": 950.7925602281118,
  "0xA0Ff14bc3aC4B995E85cB9c8C07A9688609A42a2": 1616.4625460050788,
  "0xA253A5A36A916a6243b6A1DBed2Ee644263c3397": 1212304.800331594,
  "0xA6920aEAdE73E0163b666FDD63e3b9BB3432232f": 1.0895794334853823,
  "0xAB46cbca0f463048A707e51C744Cf5977c920317": 3111.0985194552545,
  "0xAB9497dE5d2D768Ca9D65C4eFb19b538927F6732": 182.21218960854537,
  "0xACc0E80e3CCcede7D2948Ab542700BB9499d2623": 5137.54385309748,
  "0xB3e74dE43176bB5d9922Fc611E30EE736a5B65ad": 3912.7145730541,
  "0xB891b618535473e4E6f6169bD802Ef0ED9Cce1D8": 1342.0302934029298,
  "0xB93990f92f79B4fAF4DA6d5C2684476f745ed43b": 1816.8758000188614,
  "0xBD8AE14893e89f7F6fCa517100D94F4d54b7b985": 36.309232751622666,
  "0xC1B78FB48FB862C25B9d8AF0F52c376Aa7aFeA84": 7.134844229637019,
  "0xC5Dd397e86E7b4A9e08F8dFabb6dA013729d1799": 83410.99981087835,
  "0xC6b93129D1d1bC4A23c740282267143793fd2973": 72652.33966455382,
  "0xCA99d74d7055Aa8a32444852Da573b2CcC13Ff28": 5.300988478278374,
  "0xCC0546a446f71869A0281dc3511305Bf090d2b16": 366.46920833357694,
  "0xDd4d6015232542aD1A273dF1A21DE8091fBe0DD0": 2185.6396463152514,
  "0xE03978BfEE6da6727327928edeb88E5F2fCCd0D0": 11.985080185439385,
  "0xE256e13dE9Fc054a5f42232c7cd8FEf09F0838A5": 12133.27946580428,
  "0xE66fBC8Be19bD6B60a7FdC743a1019435EE0a04F": 54.85719225868728,
  "0xE89762F03B6f8C129591ADcfbDCFcfBD13e00867": 486.9847094662565,
  "0xEBdc9C0aE9B7BE9C4a7987906092a61390049BA4": 8317.906346323321,
  "0xF2b27ae0D6b9E951e53806Fc4932118d66CD0B7b": 2913392.565384762,
  "0xF8aaE8D5dd1d7697a4eC6F561737e68a2ab8539e": 442230.0841240298,
  "0xFFb614d1F635c1765D036aA1167fcB64B09Ac65d": 98.64814085370783,
  "0xa0F3805cF8D52E5957933878affc10BE4AdEBc74": 14.51493944776314,
  "0xa838b09AE1b2223298D1dc43dCe715D06AacD47F": 39723.708566967165,
  "0xaa468cbb06FA47958b85a97C75567BDbc701e006": 27.225015550253932,
  "0xadfa2e8cb46D5aC3BD66461DAE51f99A783f17e7": 377.2068678078819,
  "0xb16E29d3d50Ed2559A85caeaAe09787557241B9E": 1458.0695432855293,
  "0xb476765b93e45a798555C170a2eCdc918c0F7E5F": 11523.124121227316,
  "0xcCE9A28b570946123f392Cf1DbfA6D2D5e636a1f": 2.218539916484749,
  "0xd43e5d2FB4e769FDfCC9434c43474560559E36f1": 108.75551028581465,
  "0xd702CDb2F959aBa52A0aa9B71305c959148aF09c": 6534.1361190493335,
  "0xe057E6386047C690f6D2804Ecd61E68441774bBc": 87288.53528588053,
  "0xe7c2Bf4575f9F98862449fd6B152E6c9774380a1": 1448.6464325945885,
  "0xe919047aA85E80cC19e619a081Dc4dd5620803af": 126.80491183766377,
  "0xe9b8d19421278C4776775FF82cb8d7df65A510d4": 4748.995022519861,
  "0xeE67c87f8dCd30701817D29d2F7e07777933287d": 1269.1754323657135,
  "0xef932670905887d43D66e7aDb940ACD8C5F8ce84": 150.5474479698279,
  "0xf0F6856f2689aFE45A7Bd0d41900ef510622AfB0": 19970.60348657472,
  "0xf3E27E435739B16C5102fbA7485BFB243027B94a": 733.0323453373917,
  "0xf4f3476C8Ff5c862BB3716Aed660c001107E9B57": 1726.2500026962089,