{
  "0x05e4029c4f545e830c54468cAaA46aCd0B7b62b6": 3105.501719249686,
  "0x0b32Aa5C1e71715206fE29b7BADB21ad95F272C0": 4223.012460667672,
  "0x10492e4AeE8E7F0b3AF20f60ad0b8b7727425E84": 2461.8482768934714,
  "0x10d7b8d5AF02197b3eD28b3ab66407efD489DFFd": 2487.8690285165803,
  "0x11197272254aC4814828ad9c4571456B6483908d": 21.37196579127166,
  "0x11A18e89134E2eBcAA0B919d857ba315af00A607": 119.7263187495176,
  "0x141D0e329C152Fa5037636F8eD6515DF4aa2842e": 6508.671705638602,
  "0x16af2E60B21A264c322f68B89B8795F018728bE9": 10008.704312269252,
  "0x1C55F22D3274E4856A53c9abFa41F723D9C45BFd": 1934.260473188901,
  "0x1dE84cBA6689769843F68B685b27bf20fB28d2E4": 1285.2046397906906,
  "0x214362CFAaCDF7Ba9C1951FbC455f4e04c6F6d17": 2604609.171773929,
  "0x218Eb2694357FD7Dfd79Da8eeefF3049c4fbaC4E": 0.9138236433194606,
  "0x24272bc950AA87B2F2755c6BC8517250106FF28a": 30292.297326384974,
  "0x26c773C69a249D95e76824565b623B6E20235bB1": 349.7978474140539,
  "0x27B059495eA5eE03033226a231bCD3BF030BE0e2": 207.98567016798097,
  "0x2E8Ae58fF924a29427C7EBFad1E9902d0616b62F": 2240.848255256445,
  "0x2a90B570775CBd7BBA7f4812Fd2CF197DeaaDDb7": 15764.11747902607,
  "0x2e63E949F7975C6f38F490adD23932E44c14Bd38": 702.466717197863,
  "0x3179ab8bD45c6E9308EFEBbf908CFdaf0dDEc77C": 263.74045957157995,
  "0x31a48ca6aDDD6FF5e937EB263B13cE5Ed06689b9": 34.85549366512974,
  "0x379F29c017eC33E145D1fe721971Cc1B50a31253": 4.27858255822837,
  "0x380aB69b2c0295123Ea17F75cd0f2065b60aF32B": 1077.9663330520293,
  "0x3946aD4EEa7cC2eB99682B2C26bb6CA572B443AB": 4893.96126614783,
  "0x3Ba2eE92cDa1cFD3419FBD1983c5f10430e53484": 1351.3597760578396,
  "0x3E784Af8DB32835dd44F5E01A1aB25801F1E625e": 2277.8497450310797,
  "0x421B19033E6a33974400B7531153cDbd974d0e58": 3217.61721422517,
  "0x4941e3456495E0b000DfB3723270B8539Bf40CA6": 1895.7021249303702,
  "0x4b1924114F99113336190DA281F12c01453F0165": 1.069969275636798,
  "0x50aA37017FD200bbFad17a2078fa0f0203e48970": 453.0385922859417,
  "0x5353A05922e5C617000f13307326a9815583d55f": 2304.837765179336,
  "0x600B49F6f8cC68AD4971c3B7473284Da5cbFd1c9": 159.32099164765555,
  "0x62d51Fa08B15411D9429133aE5F224abf3867729": 1.0705733290025774,
  "0x64856475828cF4b06CE2a0D9F5dEf00c5Eab7801": 6650.50586712243,
  "0x6591C5468DF6C039601B10F1434115266d4b785b": 1381.3214350558571,
  "0x65C2433Db1FB9e6EAb8be06460D599B3AB645D58": 9650.572305951679,
  "0x6Ad792CD9649988703344753de874f4957B6bF2f": 3614.9696667082303,
  "0x6efE8c8bd7b6359568F4Ed5d361c73B1B9C359B9": 42828.98886021736,
  "0x6f65D11A3ce2dCA3b9AEb72e2aE8607b6F4e43f4": 11045.191605633421,
  "0x707919bBB1c507d25dbf864f79958b76924224e5": 37.436343657593774,
  "0x70922272023357e07D7152656b13129C1A01a100": 27285.579872853727,
  "0x71d52b98A548AC0516Cc0BbbEede201c18Fc1E4E": 536.1147580158264,
  "0x72683c6D0732B3149A682CD426976112Bb684ff0": 9997.8073158563,
  "0x79B20a2aa5420E199D0FCC6bBBe8301A2e491c33": 1068.3255726704376,
  "0x7E9EFbc30b3b09087cbcCfF4D4D5C9e415c43c07": 876.833624123401,
  "0x7a5A81C3ee63eB217C2eDaf1564d8fB77B39A2D3": 21616.328361910215,
  "0x7eD9bbF841C1B0C1ADBA737FdF4A89E5BdF41Bf1": 10696.396968335528,
  "0x83848e2889f0A30c86ddD309f296459D831A04E5": 6421.910827807345,
  "0x8585988D50FDb3f329fA3405BB60F208EEa31604": 3821.537795500849,
  "0x86a69e4FA797262E9Cb539155ADF1aE6681A9766": 111.90001747000846,
  "0x8EE4582Ab51A020De62A2c42d0E383ab0140802c": 2.133900755673052,
  "0x90C0Bf8D71369d21F8ADDF0Da33D21DcB0B1C384": 291693.3465469002,
  "0x92cb6F6CF33aDd6512026Df011d5B3824c70dd6e": 5.726483880784672,
  "0x93776953Cb3482E9E994cF7CbE62A61e7e4dFCA3": 32.75176172852134,
  "0x952929A9551718Dbd669CF3a9c05D98F466ABD83": 20.78188669282315,
  "0x98f8F495CC2913FfcD98602581F4cd8E0D8939a1": 2618.2672705185864,
  "0x99656ed4A36C3982E12013AE5A0555b47C67261d": 26.525806678044052,
  "0x9AfC2B8403145c24145E4b1A3ceFC00ebC16D983": 76.25639627168418,
  "0x9B9Ec109f4D01134696A9270ba382e69D383232e": 713.371901453902,
  "0x9CBC9496aF2606446a15f85535BCCD1F7d20EAd5": 530.1100456867376,
  "0x9b76F74f6533145C1f7A65a269C8d574f7aDC9E1": 2801.4866929689297,
  "0xA529DbF959fc80F9Db66d990b47Eb33e26c416a0": 1.0730561623509465,
  "0xA6920aEAdE73E0163b666FDD63e3b9BB3432232f": 3.2104187722183997,
  "0xB056407dc4309A0e5b80926cb01848B073214350": 3949.2866065677317,
  "0xB4AEa275A285FaB6F7590BbdF8890214fe0bccFe": 26076.944032889667,
  "0xBD8AE14893e89f7F6fCa517100D94F4d54b7b985": 106.9842536012042,
  "0xC1B78FB48FB862C25B9d8AF0F52c376Aa7aFeA84": 21.022641532805796,
  "0xC97327DAacc4BE88D5Ab2e910EB4f82351711c28": 381.5554011844978,
  "0xCA99d74d7055Aa8a32444852Da573b2CcC13Ff28": 15.619231052791942,
  "0xD6b46B5E6Ee5052479a10fdF479190a01De5b1a9": 148.1960393719663,
  "0xE03978BfEE6da6727327928edeb88E5F2fCCd0D0": 35.3137414596708,
  "0xEEaA37706d75C2Ea2F9028200E8A4304ac4a8b0b": 1176.6601000846717,
  "0xEc9611D1C0f730527Ec96678FF629501c288bfe0": 122.7288572554093,
  "0xF2b27ae0D6b9E951e53806Fc4932118d66CD0B7b": 8584238.92311679,
  "0xF8aaE8D5dd1d7697a4eC6F561737e68a2ab8539e": 1303019.972733869,
  "0xFFb614d1F635c1765D036aA1167fcB64B09Ac65d": 290.66429991993533,
  "0xa0F3805cF8D52E5957933878affc10BE4AdEBc74": 42.767909019399944,
  "0xa62e0D4Ae5a5Cf3Da54e9AC4f438170A2e47B5A6": 349.7761813545011,
  "0xadfa2e8cb46D5aC3BD66461DAE51f99A783f17e7": 1111.4306788504327,
  "0xb17AB642f216ffFf5F0abaC3329a6eEACB16200b": 44720.14066546664,
  "0xc3874920984a62701b58D41a8CC0eD822De2F503": 648.2579846674552,
  "0xcCE9A28b570946123f392Cf1DbfA6D2D5e636a1f": 6.536872829927578,
  "0xd43e5d2FB4e769FDfCC9434c43474560559E36f1": 320.44541322416103,
  "0xd4dac402a04432D9dbb5C29226800443B6039Db9": 2799.7401179076414,
  "0xdC002a2c3B82A257e7B26f03f19abf52F43c6817": 481.1337343498505,
  "0xe057E6386047C690f6D2804Ecd61E68441774bBc": 257193.50390528323,
  "0xe919047aA85E80cC19e619a081Dc4dd5620803af": 373.6275271559598,
  "0xeE67c87f8dCd30701817D29d2F7e07777933287d": 3739.593927788611,
  "0xec2019Dbad0Cb77977a9730fa62677CCb45AB995": 104.5132681208261,
  "0xef932670905887d43D66e7aDb940ACD8C5F8ce84": 443.58432090246725,
  "0xf5aa5c57F806da7233FCB1c997b3177c34eB0556": 4831.195449295788,
  "0xf840Aea07B6079DE5ee29676ceA8B659452FDeE0": 379.47091264449347,
  "0xf90b82BEe353168831088541C1eD983322Bf87D4": 138.65976799603135,
  "0xfaFF4a2De7455fA1A55962e12f762724A38c5fba": 200.69354347083075
}