{
  "0x0b0e3Ebe78b965Bd0AE25a7C5C1cc8cFF23a07E7": 74.32963387269919,
  "0x0b4F719952a27a0A53Dc2EE647Ee882101e5F4be": 0.003428590827356068,
  "0x17Fe4ED21e35B5ad800179b0c20447cA3F5280Db": 9.159799310333254,
  "0x20733C10Cec67f61698955F211152487647D7074": 56.36858944153476,
  "0x2760d810eAC30c554201C938D75ca940F7fD10dA": 52.748138809643,
  "0x2b0B8Aadb9b16465a0cF526b63adEA97a4F45e54": 9.990072810038823,
  "0x435b7D470767Cb121F37dD296B2AC7913fDF5427": 5.482259689441397,
  "0x455418f109c652727b13141cD6e3594a70Cdf69A": 20.98900838384517,
  "0x4f5AeD222dF10b35AabE01ec1f30E0B7533041Ce": 5.733954665870012,
  "0x510B0068C0756bBEFCBaffB6567e467d661291FE": 143.2396942970542,
  "0x51B10945701359Fce439862d711F0776Adb1d012": 49.91158778857642,
  "0x5275817b74021E97c980E95EdE6bbAc0D0d6f3a2": 53.89698011294678,
  "0x6114035eD14aa043EA52fC8311177Af8D16EdBaa": 1.9161542687111646,
  "0x6241eA6e3B748B33C1f7F2A1FEa41350ed2C7948": 2.957879460982779,
  "0x74B62276CcFAB748892456aaA5Ae632eA75d6CC8": 2.773700861505263,
  "0x7ca5F6bbe07FeCCFb356fFb4Afa47BF2e366984f": 140.70642788488163,
  "0x85447407829Fa2DEb31E10beEc8F6F40981d7F44": 99.93712380187526,
  "0x8B5E7aCDE87DE05450393a40F615873cf7ea68aF": 27.360274611396328,
  "0x8B9DBC110Bd923179bCAe90fFeFb3B56751c79F6": 0.9986271911010663,
  "0x91ebfEE4F90aDb3C64d5F171cD8D1eFeCe9Cfad8": 1406.0295087592378,
  "0x9BFB2568bC0104c0b9673A356Af4B5823112f31b": 16.606290287524494,
  "0x9d0637C33BaC424ad8DCB55f3E0E9B51B8edDC8A": 9.323554756735309,
  "0xF98C7C743C0aDC30b5839336fb9558Fa052463a3": 2.8480096743126704,
  "0xFdbBfB0Fe2986672af97Eca0e797D76A0bbF35c9": 22.06831633983153,
  "0xd8e89Abe08D2f5F660b8d476A4633384324bbf3B": 3.5575314298431144
}