{
  "0x0b0e3Ebe78b965Bd0AE25a7C5C1cc8cFF23a07E7": 6188.314354480553,
  "0x0b4F719952a27a0A53Dc2EE647Ee882101e5F4be": 0.285447360993404,
  "0x17Fe4ED21e35B5ad800179b0c20447cA3F5280Db": 762.599176169438,
  "0x20733C10Cec67f61698955F211152487647D7074": 4692.967434499801,
  "0x2760d810eAC30c554201C938D75ca940F7fD10dA": 4391.546783708018,
  "0x2b0B8Aadb9b16465a0cF526b63adEA97a4F45e54": 831.7236040547195,
  "0x435b7D470767Cb121F37dD296B2AC7913fDF5427": 456.4255810712542,
  "0x455418f109c652727b13141cD6e3594a70Cdf69A": 1747.4400868234102,
  "0x4f5AeD222dF10b35AabE01ec1f30E0B7533041Ce": 477.3804486581363,
  "0x510B0068C0756bBEFCBaffB6567e467d661291FE": 11925.422071471288,
  "0x51B10945701359Fce439862d711F0776Adb1d012": 4155.389702254532,
  "0x5275817b74021E97c980E95EdE6bbAc0D0d6f3a2": 4487.193577023733,
  "0x6114035eD14aa043EA52fC8311177Af8D16EdBaa": 159.52944133658343,
  "0x6241eA6e3B748B33C1f7F2A1FEa41350ed2C7948": 246.25828183913586,
  "0x74B62276CcFAB748892456aaA5Ae632eA75d6CC8": 230.9244908388083,
  "0x7ca5F6bbe07FeCCFb356fFb4Afa47BF2e366984f": 11714.514952932006,
  "0x85447407829Fa2DEb31E10beEc8F6F40981d7F44": 8320.2661650106,
  "0x8B5E7aCDE87DE05450393a40F615873cf7ea68aF": 2277.8799154346666,
  "0x8B9DBC110Bd923179bCAe90fFeFb3B56751c79F6": 83.14071601710302,
  "0x91ebfEE4F90aDb3C64d5F171cD8D1eFeCe9Cfad8": 117058.99973595646,
  "0x9BFB2568bC0104c0b9673A356Af4B5823112f31b": 1382.5568512413158,
  "0x9d0637C33BaC424ad8DCB55f3E0E9B51B8edDC8A": 776.2326373718672,
  "0xF98C7C743C0aDC30b5839336fb9558Fa052463a3": 237.11107173530573,
  "0xFdbBfB0Fe2986672af97Eca0e797D76A0bbF35c9": 1837.2978806660979,
  "0xd8e89Abe08D2f5F660b8d476A4633384324bbf3B": 296.18231204418584
}