{
  "0x20733C10Cec67f61698955F211152487647D7074": 12.332643746104347,
  "0x2b0B8Aadb9b16465a0cF526b63adEA97a4F45e54": 2.1856855064936296,
  "0x510B0068C0756bBEFCBaffB6567e467d661291FE": 31.338803003021646,
  "0x51B10945701359Fce439862d711F0776Adb1d012": 10.919943839243347,
  "0x5275817b74021E97c980E95EdE6bbAc0D0d6f3a2": 65.26336052408584,
  "0x657d54c9aC70b83A6D746adDF6C6Ad43E470Fa0A": 0.2384287907565034,
  "0x6a97B6c144f7f505233B5D925362d3e6ae5BA44A": 0.21870371971542374,
  "0x7344c881457675216B9E59b625727083c8A9dD97": 124.66259226035,
  "0x7ca5F6bbe07FeCCFb356fFb4Afa47BF2e366984f": 30.78456042777147,
  "0x85447407829Fa2DEb31E10beEc8F6F40981d7F44": 21.86481792554317,
  "0x8B9DBC110Bd923179bCAe90fFeFb3B56751c79F6": 1092952.2759914408,
  "0xA083d45dC7B97eaF4532F19B112662bD3Adf03A4": 1093.5741618185466,
  "0xDe93A283495fA2834047B53871A8E4e09f96d841": 38.468615755671124,
  "0xb8b0CC3793BBbfdb997FeC45828F172e5423D3E2": 2.1856912420493195
}