{
  "0x20733C10Cec67f61698955F211152487647D7074": 56.36858944153476,
  "0x2b0B8Aadb9b16465a0cF526b63adEA97a4F45e54": 9.990072810038823,
  "0x455418f109c652727b13141cD6e3594a70Cdf69A": 20.98900838384517,
  "0x510B0068C0756bBEFCBaffB6567e467d661291FE": 143.2396942970542,
  "0x51B10945701359Fce439862d711F0776Adb1d012": 49.91158778857642,
  "0x657d54c9aC70b83A6D746adDF6C6Ad43E470Fa0A": 1.089782117596671,
  "0x6a97B6c144f7f505233B5D925362d3e6ae5BA44A": 0.9996250957844627,
  "0x7ca5F6bbe07FeCCFb356fFb4Afa47BF2e366984f": 140.70642788488163,
  "0x85447407829Fa2DEb31E10beEc8F6F40981d7F44": 99.93712380187526,
  "0x8B9DBC110Bd923179bCAe90fFeFb3B56751c79F6": 4995536.998627191,
  "0xDe93A283495fA2834047B53871A8E4e09f96d841": 175.8277991773293,
  "0xb8b0CC3793BBbfdb997FeC45828F172e5423D3E2": 9.990099025438422
}