height,user_address,token_address,amount
37766907,0x34aD8b8469228a5b8Faf5D8F407431FFC9b669a9,0xe2D27f06F63d98b8e11b38b5b08A75D0c8dD62B9,12.736688803156554
37766907,0xFA5179eb4fCDD12f47412F3f8AE38259BE3bD5EB,0xe2D27f06F63d98b8e11b38b5b08A75D0c8dD62B9,27.60050919684345
39112072,0x34aD8b8469228a5b8Faf5D8F407431FFC9b669a9,0xe2D27f06F63d98b8e11b38b5b08A75D0c8dD62B9,32.366332899355335
39112072,0xFA5179eb4fCDD12f47412F3f8AE38259BE3bD5EB,0xe2D27f06F63d98b8e11b38b5b08A75D0c8dD62B9,70.13810910064467
