{
  "0x34aD8b8469228a5b8Faf5D8F407431FFC9b669a9": 24.814985000234262,
  "0xFA5179eb4fCDD12f47412F3f8AE38259BE3bD5EB": 53.774276211314564
}