{
  "0x34aD8b8469228a5b8Faf5D8F407431FFC9b669a9": 32.366332899355335,
  "0xFA5179eb4fCDD12f47412F3f8AE38259BE3bD5EB": 70.13810910064467
}