{
  "0x0E4B8a0C697d5695FE63de2dA003f1960a5E5956": 25.41612453315339,
  "0x1069F364Cf5F959DCA4fEE8dd7255cF8A6C7d5d9": 2677.6420489417956,
  "0x11a57227C78E9092BC2b82fBcD9dBA44d3b24B37": 3644.5640062498933,
  "0x4254925028d00545378DC3C767c0D8808c2601F3": 717.7174747416547,
  "0x8EC4D8191CD6f68a8c2cc0FC12B2AC0E7e0825C5": 3372.6505408651165,
  "0xEFA965F5733A8846ea479E3429C6F39c3557Db47": 1349.2615295368623,
  "0xb6E2b0906e537baCB4c2C9A39fE0fBE7f1B9bb5b": 2280.153596223872,
  "0xce4C4b6474C26C60e7c84C77887820ab9EAbb205": 1685.9031673589343,
  "0xf484a6a2cCe70DFDf58E2029B4eC9c45a16dfd2B": 238.50906974481111,
  "0xf85d965e9Fd4607B000110253214f49231f0031a": 14.315955662234062,
  "0xf8A13049cCb0F4013d61be66A0737F9751E479c3": 173.77398214167332
}