{
  "0x0E4B8a0C697d5695FE63de2dA003f1960a5E5956": 1.0661676491064833,
  "0x1069F364Cf5F959DCA4fEE8dd7255cF8A6C7d5d9": 112.32299891925113,
  "0x11a57227C78E9092BC2b82fBcD9dBA44d3b24B37": 152.88389988382906,
  "0x4254925028d00545378DC3C767c0D8808c2601F3": 30.107153109428527,
  "0x8EC4D8191CD6f68a8c2cc0FC12B2AC0E7e0825C5": 141.47754484447108,
  "0xEFA965F5733A8846ea479E3429C6F39c3557Db47": 56.59946271901801,
  "0xb6E2b0906e537baCB4c2C9A39fE0fBE7f1B9bb5b": 95.64896473955388,
  "0xce4C4b6474C26C60e7c84C77887820ab9EAbb205": 70.72106584226111,
  "0xf484a6a2cCe70DFDf58E2029B4eC9c45a16dfd2B": 10.005091604296194,
  "0xf85d965e9Fd4607B000110253214f49231f0031a": 0.6005324994850041,
  "0xf8A13049cCb0F4013d61be66A0737F9751E479c3": 7.289553439753824
}