{
  "0x009c48f35d53F5Cc254ed34D64C9b801eA15F69D": 352.4610002937665,
  "0x1069F364Cf5F959DCA4fEE8dd7255cF8A6C7d5d9": 34.50953763264375,
  "0x11a57227C78E9092BC2b82fBcD9dBA44d3b24B37": 46.971259200969286,
  "0x12Dec026d5826F95bA23957529B36a386E085583": 2207.7642416174513,
  "0x371F1f2726eA74664Adbbf1c03Bd18A7bf2E86b1": 6034.183539059063,
  "0x39D52DA6BEEC991F075EebE577474fd105c5cAeC": 27222.683529432743,
  "0x4254925028d00545378DC3C767c0D8808c2601F3": 9.249966108797675,
  "0x521d155cee171DAD885eAE47a97A8c489c3C70C9": 8631.795964741275,
  "0x568CF6e9D53e1e8708C2c0D4DF23cF735DFbAB3e": 249.83252648941053,
  "0x581Fcd7190078E22DC1adC09952987071590612C": 1129.117579429821,
  "0x6a97B6c144f7f505233B5D925362d3e6ae5BA44A": 1.5358674797411627,
  "0x8EC4D8191CD6f68a8c2cc0FC12B2AC0E7e0825C5": 43.466829633833186,
  "0xE4c906A83cdaAf264FA7c0999832b5426FC47272": 617.6299213368,
  "0xE66fBC8Be19bD6B60a7FdC743a1019435EE0a04F": 61.44788928456683,
  "0xEFA965F5733A8846ea479E3429C6F39c3557Db47": 17.389326384470355,
  "0xb04180e0d414E51e7a775944f1A6BA20BF955FB0": 2457.4912576309243,
  "0xb0756304CD44b785087b57427447207bD39A361d": 920.7997619482479,
  "0xb2972b93d9887c6dc2aD3Ea5dfFb0214918cbc1E": 1534132.8870489595,
  "0xb8b0CC3793BBbfdb997FeC45828F172e5423D3E2": 3225.9473593456705,
  "0xdE0AEf70a7ae324045B7722C903aaaec2ac175F5": 3026.2797668587996,
  "0xf484a6a2cCe70DFDf58E2029B4eC9c45a16dfd2B": 3.073912631951026,
  "0xf5659d33af64B5B987F048a4Ba7cfCa1C96f7F7a": 2402.1050022765235,
  "0xf85d965e9Fd4607B000110253214f49231f0031a": 0.1845045012153022,
  "0xf8A13049cCb0F4013d61be66A0737F9751E479c3": 2.239604721871767
}