{
  "0x009c48f35d53F5Cc254ed34D64C9b801eA15F69D": 1147.203911466663,
  "0x1069F364Cf5F959DCA4fEE8dd7255cF8A6C7d5d9": 112.32299891925113,
  "0x11a57227C78E9092BC2b82fBcD9dBA44d3b24B37": 152.88389988382906,
  "0x12Dec026d5826F95bA23957529B36a386E085583": 7185.917793653167,
  "0x371F1f2726eA74664Adbbf1c03Bd18A7bf2E86b1": 19640.297657745527,
  "0x39D52DA6BEEC991F075EebE577474fd105c5cAeC": 88605.45989359113,
  "0x4254925028d00545378DC3C767c0D8808c2601F3": 30.107153109428527,
  "0x521d155cee171DAD885eAE47a97A8c489c3C70C9": 28095.108637494493,
  "0x568CF6e9D53e1e8708C2c0D4DF23cF735DFbAB3e": 813.1647227959118,
  "0x581Fcd7190078E22DC1adC09952987071590612C": 3675.09625901317,
  "0x6a97B6c144f7f505233B5D925362d3e6ae5BA44A": 4.9990018151936475,
  "0x8EC4D8191CD6f68a8c2cc0FC12B2AC0E7e0825C5": 141.47754484447108,
  "0xE4c906A83cdaAf264FA7c0999832b5426FC47272": 2010.2861338016676,
  "0xE66fBC8Be19bD6B60a7FdC743a1019435EE0a04F": 200.00300424691332,
  "0xEFA965F5733A8846ea479E3429C6F39c3557Db47": 56.59946271901801,
  "0xb04180e0d414E51e7a775944f1A6BA20BF955FB0": 7998.739096806635,
  "0xb0756304CD44b785087b57427447207bD39A361d": 2997.0552421520897,
  "0xb2972b93d9887c6dc2aD3Ea5dfFb0214918cbc1E": 4993355.994749291,
  "0xb8b0CC3793BBbfdb997FeC45828F172e5423D3E2": 10499.940208256729,
  "0xdE0AEf70a7ae324045B7722C903aaaec2ac175F5": 9850.05428356391,
  "0xf484a6a2cCe70DFDf58E2029B4eC9c45a16dfd2B": 10.005091604296194,
  "0xf5659d33af64B5B987F048a4Ba7cfCa1C96f7F7a": 7818.465736828931,
  "0xf85d965e9Fd4607B000110253214f49231f0031a": 0.6005324994850041,
  "0xf8A13049cCb0F4013d61be66A0737F9751E479c3": 7.289553439753824
}