{
  "0x54F43B66033943184f558866FE00AaCA058f65F9": 64.78625556412679,
  "0xDCB5A4b6Ee39447D700F4FA3303B1d1c25Ea9cA7": 2964591.9912002864
}