{
  "0x54F43B66033943184f558866FE00AaCA058f65F9": 69.65285347409595,
  "0xDCB5A4b6Ee39447D700F4FA3303B1d1c25Ea9cA7": 637457.0957235259
}