{
  "0x0030B9F1925408D79be83C7cecfffdbACb638e9B": 719.7925430031646,
  "0x006973F01b8f15204A0EB492E899a2077AEEfbFc": 4546.547184625432,
  "0x0FC43029B680C3484b49d4327581d0BC9Ec33091": 51998.10548247419,
  "0x0acC0A51cbbE337F92Fa9B7e04FFF6632455E78A": 1300.0271371069382,
  "0x11c3946dc1b186C2E8cdEbbAe4527B418a2395eE": 15395.243718018868,
  "0x127D9f116d2b43F811F754307Fd2fc27294a39cD": 0.00612220243503524,
  "0x140aEa614783d17446ee905814f2749c0003a8d3": 1165.2307230515826,
  "0x1464AFd55d9e46179F5172B50970f2B15cBd6E02": 1021.3541947655494,
  "0x1Ab489D7457b02bF1d79c0938ffC8EC7Ff0491dd": 78.04832180262864,
  "0x1Cd396623ec64E45Be3a81F7847CEBd996066383": 46.18315668253308,
  "0x1E49d2aF9823d0E404A8e1aea5dfd378f66F6700": 1299.840574717565,
  "0x1b2Ae1ac409558808E32E5e871D54a5a74D08815": 473.24844714611277,
  "0x1b6f876416fD17e0f0CF2B7C47b0f13408156dbe": 6.476000460084196,
  "0x2836545d6E07E9E96A9B622a2E5f4787eC9Cc2Ae": 4121.622894537388,
  "0x2855E2436257fe77eaEe688a05CA6d6731C49945": 14324.925571925522,
  "0x29Dc80BCd28e91c9F4ce4c24a8CB42333641818c": 391.19912138531555,
  "0x2DB5e435df400d4C4770098dDa0E04a03a268581": 34.032014210172484,
  "0x328C41d916877Ed4e9283C6AdE39706d41061D2e": 3264.2141170824148,
  "0x36A87d1E3200225f881488E4AEedF25303FebcAe": 2.5992932773671904,
  "0x37fA02E7C49b9f7097C0D28e7053c1D632CAa795": 133.50054218341256,
  "0x380aB69b2c0295123Ea17F75cd0f2065b60aF32B": 3035.4096276678965,
  "0x396Efc761c715ddFE273fdee9068768302a9b4dC": 956.6861076752645,
  "0x3D6991085Ab1ae3926cB96f25684C40a364B6856": 22.162857657009596,
  "0x3e6EdBa22D9cE22a7168406d26598AE20FE08e41": 790.8269211406304,
  "0x423eA747B41c83DB6B903b685B252e5B19314F94": 665.5604114284993,
  "0x4458172b5b8A2d2CD73299139F9416dD62c98ee0": 119.11978571238004,
  "0x46Da37665Ab250f3C2acA39644c7f22F908F6da0": 1302.3092422418342,
  "0x48c05DFf8f5d94ED508C91fe12EA7b754a7b820e": 11.090283022722595,
  "0x4bC9611bBD793FB76B6E69CBfDAE254f13F4841e": 13.002504476603065,
  "0x4ce6D507d1726eFC932100502f1D0bFFe1f5f22F": 0.008174665765990487,
  "0x5772F15eE77c2C4aFd69CfC1dc3E6207603eE922": 687.5206884032506,
  "0x5aA22cfD15Eca968C51474Dd93eF53555F0aF7cC": 4626.26392924098,
  "0x5c326F1533732566fFDEf9cC1fB5a314B359B18E": 1359.5501920806312,
  "0x6545100189C47BF5bAa3be08B69Cb94Ac7C6f158": 1.2103461381504503,
  "0x665D367133f0F27F8308DB70eefC57447b7F3C87": 426.79749645914177,
  "0x6A9D63cBb02B6A7D5d09ce11D0a4b981Bb1A221d": 2905.0318374383405,
  "0x6B2B6C9F8FFC582046c0348E2f450Ea1286c5382": 2601.0008495590855,
  "0x6BC1A1A6a7976eD7c6584300f504423139DA9015": 4.218224619418356,
  "0x7c883059b90AeAA8B5fAD2D20Ddc8b0341cA7c98": 0.7096845221526527,
  "0x7cC42eDEEa002CC7667711a52754CBa998Ac216E": 37.0460720802076,
  "0x7d6aff9f85EF8802a1492189e8021B085c6B37F7": 3769.6582651018284,
  "0x81f4d07a6ab0CcE8BcfD067c1E9f9Dcd4a90EFf7": 31.834541209120246,
  "0x833698FC59293EE9d10eCE3145dAAf4f0f3202E8": 26.54662197684078,
  "0x84Ae6E6D41d155E5D909246A843de88106A73E33": 3900.7372352342945,
  "0x8860f2dD5CAB736a6Cc4D2612aa214548194D1Cd": 131984.36757902487,
  "0x8Dc2b82CEaCB0b2329138811ca58F3d761962703": 23.092970301645874,
  "0x8d530eDa738C0d8F2F10b52b44661d4BBb0AE336": 5.796692682226219,
  "0x91Ce80c194a4BF42e01D06166dFB11D6eEf13EDc": 333117.22682902793,
  "0x98cEA6ed2CF1047B08942cDEeD525DC7eAe2E84e": 15256.575742943816,
  "0x9c3EC4a494D6BA581479a78CF76d059d36abC31F": 1121.7937005704453,
  "0x9e9F9E1D0208a39d99d9DC29aAD7e8fA9Ae4919F": 1336.0015586684422,
  "0xA6163dFDf2571cE0367Ae57E55E8AE131DbaBC64": 0.0058386273087800014,
  "0xA7Eef766B1f3F3d31A0c7C6Ebd0B3f31e9a87634": 939.5331524073283,
  "0xAAedE75485D8eCAC139Dc0877a3CAA987D03d325": 9.099254434177666,
  "0xABEBdB7d35f38D519d1C3ED72d3975424F420417": 1165.925474618309,
  "0xAD72fE1c608B266A3B0D9f9d352Edb983453Dc4F": 24867.182853508406,
  "0xAc6DF1250c96179D4d0142a2d8241ba912461aA7": 355.2513410835152,
  "0xB0720A40d6335dF0aC90fF9e4b755217632Ca78C": 39.00394871878749,
  "0xBc815fD67B9e0abCE43e0327c503D8549971Aa7C": 271.82266655444033,
  "0xBe80ef1729fe8DC54e980fF9665550C302d747b0": 780.5568439244119,
  "0xBedD370f52d2267774B98CdeD04D3BE48F40FfA0": 2700.775738466744,
  "0xC2E5d8f7EFFDf4e47B2c6cc30Df6f32cc284f8E9": 3310.256747871902,
  "0xCCD93db11A999920623b8e9d945377b9968c5852": 109.6265418142825,
  "0xD13E6e8FF187F0933219622E377eC9Cb73e200a0": 1.2999468022978269,
  "0xD9277F43bDFBBD18F5ba0ADeB38F3ace2929E773": 450.43578911230514,
  "0xD92A9FCa6A49e19be2459366e263656322433AF2": 6.981799857586628,
  "0xDb575F3AD57Dc13bcA710BC02e9dA75D64114172": 16.913100559125095,
  "0xE52D5A7414f188056e849cFE2AeE84088E7DFEB9": 893.8333718796289,
  "0xE66B31689CA213EFc6eb90DBCA20706445C99475": 789.7308872122964,
  "0xE9B1C23668Ce9B2b81d66CC797FAD969B8550835": 2241.059331232306,
  "0xEcb2E8BF396bC68022288d09b5d0D3B1bba48e70": 33.01242145828763,
  "0xF3EE6853C93716FfB27bAEB32d7D7BC952b68F3c": 435.00830238724916,
  "0xF6A145BDD21916491229e9C8617CAe222c90C30f": 2240.786102216847,
  "0xF74148Cd8F665A29713EFe05C8Dcd96ECb1DeAEF": 573.5581059732784,
  "0xFBEF474c7412617786D88F1d24233cAa5566dcC9": 1778924.4361159878,
  "0xa2123b3D35DD5E85A824a9B4eA14e77666134E2F": 7559.720204165653,
  "0xaea90572ACd703FA8D6B72C2C2AfBc83eD0e7272": 7821.797290634346,
  "0xb3Edcb641BE117A0ac706994269fe0bd903047C3": 102.77411849277377,
  "0xb957DccaA1CCFB1eB78B495B499801D591d8a403": 445.5720221808779,
  "0xb95C11A236a5bF7C900dBBd95d582BE4EFb9fA8A": 556.1955570358259,
  "0xbb90699F74945A1491aE6E6D86c4d1DaBF5EEBe7": 6.769769149425661,
  "0xc6eF74ba740b5275a3Caaaf69a55aaF015aE995D": 3274.9976523974037,
  "0xc76B3329eD9176eaEfcD8A2312214d364a7AC04a": 1224.2827060983254,
  "0xcC9Ee37684c29A5d71D66946772d30Ea297fE7cc": 475.90668922420525,
  "0xd3181eA13d1Bae2A4FCAa72d87e933F3D021e5e8": 145.56707602510562,
  "0xd44F900Ed09Fb0e0933cDEBb651cEcf30ccc416A": 210.595768662373,
  "0xd5194A1500840B22E240631D93648b42F878c7B4": 188.5080833672392,
  "0xd6A5709E51d0C9a63443C5F9f5987Aa037dFce36": 8278.344774952746,
  "0xdc77974855C06C6A7261F4db7A0CAfdDfEdfd8fe": 34904.489602150985,
  "0xe6294bde9186B9e4705dDB36F5c615f1b4B615Be": 130.43556917431454,
  "0xf2D5D43D4E644b32d9B9E3077be0E16d0a6AfFcA": 3605.5810724356684,
  "0xf507c1215ff75D95895085aEd255d925967dea7E": 125.27763918395654,
  "0xfa63444483E2609cE30B057C4E7BA131A6596280": 2825.7565773299325
}