{
  "0x0030B9F1925408D79be83C7cecfffdbACb638e9B": 553.0961900790321,
  "0x006973F01b8f15204A0EB492E899a2077AEEfbFc": 3493.6148620531353,
  "0x0FC43029B680C3484b49d4327581d0BC9Ec33091": 39955.89328237547,
  "0x0acC0A51cbbE337F92Fa9B7e04FFF6632455E78A": 998.9545786806486,
  "0x11c3946dc1b186C2E8cdEbbAe4527B418a2395eE": 11829.867825870142,
  "0x127D9f116d2b43F811F754307Fd2fc27294a39cD": 0.00470436499325567,
  "0x140aEa614783d17446ee905814f2749c0003a8d3": 895.3755908527559,
  "0x1464AFd55d9e46179F5172B50970f2B15cBd6E02": 784.819347376289,
  "0x1Ab489D7457b02bF1d79c0938ffC8EC7Ff0491dd": 59.97315455782147,
  "0x1Cd396623ec64E45Be3a81F7847CEBd996066383": 35.48762522650882,
  "0x1E49d2aF9823d0E404A8e1aea5dfd378f66F6700": 998.8112221708079,
  "0x1b2Ae1ac409558808E32E5e871D54a5a74D08815": 363.64910365038656,
  "0x1b6f876416fD17e0f0CF2B7C47b0f13408156dbe": 4.976227131331756,
  "0x2836545d6E07E9E96A9B622a2E5f4787eC9Cc2Ae": 3167.098550923886,
  "0x2855E2436257fe77eaEe688a05CA6d6731C49945": 11007.424061300495,
  "0x29Dc80BCd28e91c9F4ce4c24a8CB42333641818c": 300.6015354059198,
  "0x2DB5e435df400d4C4770098dDa0E04a03a268581": 26.15055905112249,
  "0x328C41d916877Ed4e9283C6AdE39706d41061D2e": 2508.2565932508383,
  "0x36A87d1E3200225f881488E4AEedF25303FebcAe": 1.997324399349207,
  "0x37fA02E7C49b9f7097C0D28e7053c1D632CAa795": 102.58322619883819,
  "0x380aB69b2c0295123Ea17F75cd0f2065b60aF32B": 2332.4408077188787,
  "0x396Efc761c715ddFE273fdee9068768302a9b4dC": 735.127706448608,
  "0x3D6991085Ab1ae3926cB96f25684C40a364B6856": 17.03017383343747,
  "0x3e6EdBa22D9cE22a7168406d26598AE20FE08e41": 607.679756266787,
  "0x423eA747B41c83DB6B903b685B252e5B19314F94": 511.42364755912394,
  "0x4458172b5b8A2d2CD73299139F9416dD62c98ee0": 91.53290108516511,
  "0x46Da37665Ab250f3C2acA39644c7f22F908F6da0": 1000.7081723622453,
  "0x48c05DFf8f5d94ED508C91fe12EA7b754a7b820e": 8.521890573044004,
  "0x4bC9611bBD793FB76B6E69CBfDAE254f13F4841e": 9.991261728677141,
  "0x4ce6D507d1726eFC932100502f1D0bFFe1f5f22F": 0.006281499487997547,
  "0x5772F15eE77c2C4aFd69CfC1dc3E6207603eE922": 528.2981562573362,
  "0x5aA22cfD15Eca968C51474Dd93eF53555F0aF7cC": 3554.870050316691,
  "0x5c326F1533732566fFDEf9cC1fB5a314B359B18E": 1044.6927226053624,
  "0x6545100189C47BF5bAa3be08B69Cb94Ac7C6f158": 0.9300427521724697,
  "0x665D367133f0F27F8308DB70eefC57447b7F3C87": 327.95570268332534,
  "0x6A9D63cBb02B6A7D5d09ce11D0a4b981Bb1A221d": 2232.2571370934197,
  "0x6B2B6C9F8FFC582046c0348E2f450Ea1286c5382": 1998.636515851111,
  "0x6BC1A1A6a7976eD7c6584300f504423139DA9015": 3.2413283363059375,
  "0x7c883059b90AeAA8B5fAD2D20Ddc8b0341cA7c98": 0.5453290801304743,
  "0x7cC42eDEEa002CC7667711a52754CBa998Ac216E": 28.46659294283067,
  "0x7d6aff9f85EF8802a1492189e8021B085c6B37F7": 2896.645213395311,
  "0x81f4d07a6ab0CcE8BcfD067c1E9f9Dcd4a90EFf7": 24.461997594772164,
  "0x833698FC59293EE9d10eCE3145dAAf4f0f3202E8": 20.398704623415895,
  "0x84Ae6E6D41d155E5D909246A843de88106A73E33": 2997.3676780616775,
  "0x8860f2dD5CAB736a6Cc4D2612aa214548194D1Cd": 101418.18162407419,
  "0x8Dc2b82CEaCB0b2329138811ca58F3d761962703": 17.74488221030711,
  "0x8d530eDa738C0d8F2F10b52b44661d4BBb0AE336": 4.454239862254632,
  "0x91Ce80c194a4BF42e01D06166dFB11D6eEf13EDc": 255970.79436264464,
  "0x98cEA6ed2CF1047B08942cDEeD525DC7eAe2E84e": 11723.31388967627,
  "0x9c3EC4a494D6BA581479a78CF76d059d36abC31F": 861.9981241420613,
  "0x9e9F9E1D0208a39d99d9DC29aAD7e8fA9Ae4919F": 1026.597704049728,
  "0xA6163dFDf2571cE0367Ae57E55E8AE131DbaBC64": 0.004486462872071479,
  "0xA7Eef766B1f3F3d31A0c7C6Ebd0B3f31e9a87634": 721.9471945087256,
  "0xAAedE75485D8eCAC139Dc0877a3CAA987D03d325": 6.991963183037977,
  "0xABEBdB7d35f38D519d1C3ED72d3975424F420417": 895.9094452922649,
  "0xAD72fE1c608B266A3B0D9f9d352Edb983453Dc4F": 19108.20586844238,
  "0xAc6DF1250c96179D4d0142a2d8241ba912461aA7": 272.9788814620925,
  "0xB0720A40d6335dF0aC90fF9e4b755217632Ca78C": 29.971046024443822,
  "0xBc815fD67B9e0abCE43e0327c503D8549971Aa7C": 208.87140706002438,
  "0xBe80ef1729fe8DC54e980fF9665550C302d747b0": 599.7881204957242,
  "0xBedD370f52d2267774B98CdeD04D3BE48F40FfA0": 2075.3045939755907,
  "0xC2E5d8f7EFFDf4e47B2c6cc30Df6f32cc284f8E9": 2543.6362368973673,
  "0xCCD93db11A999920623b8e9d945377b9968c5852": 84.23819223805542,
  "0xD13E6e8FF187F0933219622E377eC9Cb73e200a0": 0.9988928485651006,
  "0xD9277F43bDFBBD18F5ba0ADeB38F3ace2929E773": 346.1196163464047,
  "0xD92A9FCa6A49e19be2459366e263656322433AF2": 5.364888728929934,
  "0xDb575F3AD57Dc13bcA710BC02e9dA75D64114172": 12.996205049090802,
  "0xE52D5A7414f188056e849cFE2AeE84088E7DFEB9": 686.8310006233892,
  "0xE66B31689CA213EFc6eb90DBCA20706445C99475": 606.8375522236197,
  "0xE9B1C23668Ce9B2b81d66CC797FAD969B8550835": 1722.053652673368,
  "0xEcb2E8BF396bC68022288d09b5d0D3B1bba48e70": 25.367093215054183,
  "0xF3EE6853C93716FfB27bAEB32d7D7BC952b68F3c": 334.2649726534847,
  "0xF6A145BDD21916491229e9C8617CAe222c90C30f": 1721.843700612961,
  "0xF74148Cd8F665A29713EFe05C8Dcd96ECb1DeAEF": 440.72810462746247,
  "0xFBEF474c7412617786D88F1d24233cAa5566dcC9": 1366944.319746749,
  "0xa2123b3D35DD5E85A824a9B4eA14e77666134E2F": 5808.968825298211,
  "0xaea90572ACd703FA8D6B72C2C2AfBc83eD0e7272": 6010.351625720206,
  "0xb3Edcb641BE117A0ac706994269fe0bd903047C3": 78.97271780548893,
  "0xb957DccaA1CCFB1eB78B495B499801D591d8a403": 342.38224648149776,
  "0xb95C11A236a5bF7C900dBBd95d582BE4EFb9fA8A": 427.38653869889816,
  "0xbb90699F74945A1491aE6E6D86c4d1DaBF5EEBe7": 5.201962094021639,
  "0xc6eF74ba740b5275a3Caaaf69a55aaF015aE995D": 2516.542775646419,
  "0xc76B3329eD9176eaEfcD8A2312214d364a7AC04a": 940.7517581349186,
  "0xcC9Ee37684c29A5d71D66946772d30Ea297fE7cc": 365.6917249306327,
  "0xd3181eA13d1Bae2A4FCAa72d87e933F3D021e5e8": 111.85527820906691,
  "0xd44F900Ed09Fb0e0933cDEBb651cEcf30ccc416A": 161.8240122465559,
  "0xd5194A1500840B22E240631D93648b42F878c7B4": 144.85160164970225,
  "0xd6A5709E51d0C9a63443C5F9f5987Aa037dFce36": 6361.167533194207,
  "0xdc77974855C06C6A7261F4db7A0CAfdDfEdfd8fe": 26820.978354478484,
  "0xe6294bde9186B9e4705dDB36F5c615f1b4B615Be": 100.22806857667909,
  "0xf2D5D43D4E644b32d9B9E3077be0E16d0a6AfFcA": 2770.5665661174694,
  "0xf507c1215ff75D95895085aEd255d925967dea7E": 96.2646607113258,
  "0xfa63444483E2609cE30B057C4E7BA131A6596280": 2171.341190186629
}