{
  "0x01092aF4B755e7c64c66C45323e4fE0CbC038c40": 71799.0803174953,
  "0x035648071a7EbB842fC55A01E44Ce01Ab8B844eD": 998.8243914777051,
  "0x0564Ef02D9a6c0Cd54EA09a05d1075deFDb44A20": 7e-18,
  "0x0607b0c69cc062781829446A3c2EBEd9BffEc7f2": 131.41426419836935,
  "0x083E87f63996cFA13F8A21Ddd28bacc5d7A29b31": 1921.313250463349,
  "0x09f2E285b2E74a671E42D8E63FAee0C62C8f5BEF": 29627.578765397975,
  "0x0Db39eff0e203199F74CDe4b66bA7d4869523b80": 295650.97859888,
  "0x0acC0A51cbbE337F92Fa9B7e04FFF6632455E78A": 998.9545786806486,
  "0x127D9f116d2b43F811F754307Fd2fc27294a39cD": 0.007122260898663584,
  "0x1E49d2aF9823d0E404A8e1aea5dfd378f66F6700": 998.8112221708079,
  "0x211De111Dd2c29991ee3FB708D0343Dd99E934E9": 7727.627050129756,
  "0x262000E1cCC8aB7456D7FDDEEc3F6C280F157008": 212824.560034645,
  "0x2836545d6E07E9E96A9B622a2E5f4787eC9Cc2Ae": 3167.098550923886,
  "0x2Bea86656b5938414Bf75414E893489BC382e455": 363.4843680834455,
  "0x34E15635a4DE3d82dA31a4baEB7b9D465017Dc63": 5168.451049770609,
  "0x3fcAc584d0B71A9564602C1f0288eC1c0d9846cf": 144612.97810940258,
  "0x421785a7416B8E840D3C4D9DF3c8a5D5aabefaD9": 68.14903087291982,
  "0x423eA747B41c83DB6B903b685B252e5B19314F94": 511.42364755912394,
  "0x429b83fdaDAcB5055d46a8a1A3549Aa5c663E2B5": 31.32726098584576,
  "0x452A9b8cDE503a041DE5586d64247843dAC5cA57": 3035.189994273448,
  "0x48c05DFf8f5d94ED508C91fe12EA7b754a7b820e": 8.521890573044004,
  "0x4bC9611bBD793FB76B6E69CBfDAE254f13F4841e": 9.991261728677141,
  "0x4c7F281a775E576AaE8aC4111cDd744a727Cfa75": 0.00307678327825013,
  "0x4ce6D507d1726eFC932100502f1D0bFFe1f5f22F": 0.006281499487997547,
  "0x54881c1b56e0E7a62a3f0752180036976435b891": 355.4329729998763,
  "0x5D291c33531C71346E5B5Dfa87FCd181aE260337": 53801.79908493212,
  "0x5bfF1A68663ff91b0650327D83D4230Cd00023Ad": 365452.10385636997,
  "0x5d4614B4E5E21d7344B369e09b9be2bb8241a307": 19976.633290234247,
  "0x6011294Ea3BC761FA9a8deB474ba6a72a0ad351F": 19673.306974193678,
  "0x6545100189C47BF5bAa3be08B69Cb94Ac7C6f158": 0.9300427521724697,
  "0x6F836a35c608C7b50C4C035D56F4f914e05A8D9d": 13601.446815889674,
  "0x6a97B6c144f7f505233B5D925362d3e6ae5BA44A": 9.998847054800054,
  "0x70338e22131a372c58746Df66E746b348C8F55C3": 0.003196881740959965,
  "0x72b9762A9A67fd2B55A8d879C1eC2d7E186951Fc": 1122.350191687164,
  "0x73177e7d908aBcf52B8596a75230b51f0CE32bC5": 2497.339225210225,
  "0x7F6720Bf2494543D4915907DFAB178C59CBC556d": 249.53367172376127,
  "0x7c883059b90AeAA8B5fAD2D20Ddc8b0341cA7c98": 4993721.54532908,
  "0x7cC42eDEEa002CC7667711a52754CBa998Ac216E": 28.46659294283067,
  "0x7eb6Ab7fCA0175e19Fa024450f24c5c0c53B0f41": 99.86932204846177,
  "0x833698FC59293EE9d10eCE3145dAAf4f0f3202E8": 20.398704623415895,
  "0x84Ae6E6D41d155E5D909246A843de88106A73E33": 2997.3676780616775,
  "0x8860f2dD5CAB736a6Cc4D2612aa214548194D1Cd": 101418.18162407419,
  "0x8Dc2b82CEaCB0b2329138811ca58F3d761962703": 17.74488221030711,
  "0x8b6D0Ad07dc09dE296563e1Ac4c4f241Ac38eD46": 5525.878073071589,
  "0x8d530eDa738C0d8F2F10b52b44661d4BBb0AE336": 4.454239862254632,
  "0x9280D897BEa05C175fdF7dbd48a6F8745F37AAC4": 199.79737218943572,
  "0x9A5472Ca492DA36eFF66c3BfE69D4e80e3EBA1dA": 11465.354211847229,
  "0x9AcdBAEF13C374022E2Ca4e9494aF526CfC920B4": 3995.3861456976574,
  "0x9f04928Ad1A2b204036A042ab8a62Ec7Ea15301C": 553.555375458096,
  "0xA0Ff14bc3aC4B995E85cB9c8C07A9688609A42a2": 4993.256712436522,
  "0xA71dE7E1B7ED086b4EdE0be541E7076c51244541": 1590.5161529830516,
  "0xA8Bc553f9f4232c9Ae6155ad91cf08168dEf2f98": 2997.911818651401,
  "0xAAedE75485D8eCAC139Dc0877a3CAA987D03d325": 6.991963183037977,
  "0xAB39A88E851a7843E1DE9Bf4349f0591Aa5182BA": 258072.29520798766,
  "0xAB9497dE5d2D768Ca9D65C4eFb19b538927F6732": 1003.6614636434051,
  "0xAe3c0c640Ac5565F5FeFCD36446EDa6Fc3631872": 499.5241527484377,
  "0xB0720A40d6335dF0aC90fF9e4b755217632Ca78C": 29.971046024443822,
  "0xB3e74dE43176bB5d9922Fc611E30EE736a5B65ad": 4484.705129818603,
  "0xB8ef70c10387Ce680bAE1470702CB9eDC6F38913": 99666.43372317182,
  "0xBe80ef1729fe8DC54e980fF9665550C302d747b0": 599.7881204957242,
  "0xD13E6e8FF187F0933219622E377eC9Cb73e200a0": 0.9988928485651006,
  "0xD7625B5eb8c96128A901EF90FE0ED01C287d253B": 3976.029112862232,
  "0xD92A9FCa6A49e19be2459366e263656322433AF2": 5.364888728929934,
  "0xDb575F3AD57Dc13bcA710BC02e9dA75D64114172": 12.996205049090802,
  "0xE1d620FC6eD5bBA9c3E734313CE73c128726Df90": 19757.087696226554,
  "0xE366619833126918F7fd3Bdf516002BdaDF1ae5f": 1997.2492915782962,
  "0xE66fBC8Be19bD6B60a7FdC743a1019435EE0a04F": 127.71795079874302,
  "0xE7CA372E697edb3ACD2354219d055972C4EE4539": 260.32223435611587,
  "0xE838c61635dd1D41952c68E47159329443283d90": 25931213.786945686,
  "0xEb7FB6094Bb359F4784A161a2eaC15Ff4402D502": 0.00821532925612195,
  "0xEcb2E8BF396bC68022288d09b5d0D3B1bba48e70": 25.367093215054183,
  "0xF3EE6853C93716FfB27bAEB32d7D7BC952b68F3c": 334.2649726534847,
  "0xF74148Cd8F665A29713EFe05C8Dcd96ECb1DeAEF": 440.72810462746247,
  "0xF984Ce92E431E83Aa28bdac20d115e2929332F94": 8494.263201037336,
  "0xF9a57b22CeAB4cc2F946843825BCd82a294c2156": 2986.211785996939,
  "0xFBEF474c7412617786D88F1d24233cAa5566dcC9": 19096610.29614136,
  "0xFE4F9b23A2Cfe38D022D27C18376bAb9256E023A": 29958.19083194755,
  "0xaD973ff8fEa8edE7E5A6ed1b7a27a823f3bC9fa1": 1862.9293258527573,
  "0xaE66C97CA41d7AD0e59c032177a9C67949601B25": 497.35222743914767,
  "0xaea90572ACd703FA8D6B72C2C2AfBc83eD0e7272": 6010.351625720206,
  "0xb4c5355f35e0FC4A3dAFC55F64319416e154FB11": 46938.73210279059,
  "0xb95C11A236a5bF7C900dBBd95d582BE4EFb9fA8A": 427.38653869889816,
  "0xbc0CDA0516b422D2B8d69afbB8Fef41BBa1eDE32": 14971.665895261,
  "0xc896E266368D3Eb26219C5cc74A4941339218d86": 50008.89417040941,
  "0xd921CEB22808e0180cB9fe43565E298113eb3107": 5603.470027519992,
  "0xe120Be880D79adEd4cdbf6F2f9Ef880987c82dc8": 556.43624541808,
  "0xe6294bde9186B9e4705dDB36F5c615f1b4B615Be": 100.22806857667909,
  "0xf507c1215ff75D95895085aEd255d925967dea7E": 96.2646607113258,
  "0xfDC3D1f88805cCDc18340AB8A819d84e307BfAd2": 174886.9377082172,
  "0xfF4ec6D1B54C18Ab28CB2ba460D9d04b865C06e7": 8001.875693771413
}