{
  "0x01092aF4B755e7c64c66C45323e4fE0CbC038c40": 18056.760344875325,
  "0x035648071a7EbB842fC55A01E44Ce01Ab8B844eD": 251.19448026041258,
  "0x0564Ef02D9a6c0Cd54EA09a05d1075deFDb44A20": 1.7604309394382032e-18,
  "0x0607b0c69cc062781829446A3c2EBEd9BffEc7f2": 33.04939093975937,
  "0x083E87f63996cFA13F8A21Ddd28bacc5d7A29b31": 483.19132720975165,
  "0x09f2E285b2E74a671E42D8E63FAee0C62C8f5BEF": 7451.043759892703,
  "0x0Db39eff0e203199F74CDe4b66bA7d4869523b80": 74353.3042858072,
  "0x0acC0A51cbbE337F92Fa9B7e04FFF6632455E78A": 251.2272210575527,
  "0x127D9f116d2b43F811F754307Fd2fc27294a39cD": 0.001791178349251188,
  "0x1E49d2aF9823d0E404A8e1aea5dfd378f66F6700": 251.19116830965362,
  "0x211De111Dd2c29991ee3FB708D0343Dd99E934E9": 1943.4219639268567,
  "0x262000E1cCC8aB7456D7FDDEEc3F6C280F157008": 53523.277165330335,
  "0x2836545d6E07E9E96A9B622a2E5f4787eC9Cc2Ae": 796.4940396137583,
  "0x2Bea86656b5938414Bf75414E893489BC382e455": 91.41273251089166,
  "0x34E15635a4DE3d82dA31a4baEB7b9D465017Dc63": 1299.8144481411487,
  "0x3fcAc584d0B71A9564602C1f0288eC1c0d9846cf": 36368.737272584556,
  "0x421785a7416B8E840D3C4D9DF3c8a5D5aabefaD9": 17.13880892020248,
  "0x423eA747B41c83DB6B903b685B252e5B19314F94": 128.6180017604887,
  "0x429b83fdaDAcB5055d46a8a1A3549Aa5c663E2B5": 7.878497069619747,
  "0x452A9b8cDE503a041DE5586d64247843dAC5cA57": 763.3203389988914,
  "0x48c05DFf8f5d94ED508C91fe12EA7b754a7b820e": 2.1431714038990606,
  "0x4bC9611bBD793FB76B6E69CBfDAE254f13F4841e": 2.5127037530268668,
  "0x4c7F281a775E576AaE8aC4111cDd744a727Cfa75": 0.0007737806395682331,
  "0x4ce6D507d1726eFC932100502f1D0bFFe1f5f22F": 0.0015797351492480164,
  "0x54881c1b56e0E7a62a3f0752180036976435b891": 89.38788608078367,
  "0x5D291c33531C71346E5B5Dfa87FCd181aE260337": 13530.621672364645,
  "0x5bfF1A68663ff91b0650327D83D4230Cd00023Ad": 91907.59864450531,
  "0x5d4614B4E5E21d7344B369e09b9be2bb8241a307": 5023.926187134223,
  "0x6011294Ea3BC761FA9a8deB474ba6a72a0ad351F": 4947.642611205133,
  "0x6545100189C47BF5bAa3be08B69Cb94Ac7C6f158": 0.23389657656066754,
  "0x6F836a35c608C7b50C4C035D56F4f914e05A8D9d": 3420.629685116488,
  "0x6a97B6c144f7f505233B5D925362d3e6ae5BA44A": 2.51461138771151,
  "0x70338e22131a372c58746Df66E746b348C8F55C3": 0.0008039842180729986,
  "0x72b9762A9A67fd2B55A8d879C1eC2d7E186951Fc": 282.2600003329259,
  "0x73177e7d908aBcf52B8596a75230b51f0CE32bC5": 628.056176904673,
  "0x7F6720Bf2494543D4915907DFAB178C59CBC556d": 62.75525659058932,
  "0x7c883059b90AeAA8B5fAD2D20Ddc8b0341cA7c98": 1255871.7016194956,
  "0x7cC42eDEEa002CC7667711a52754CBa998Ac216E": 7.159067279564618,
  "0x7eb6Ab7fCA0175e19Fa024450f24c5c0c53B0f41": 25.116149204975716,
  "0x833698FC59293EE9d10eCE3145dAAf4f0f3202E8": 5.130072963360353,
  "0x84Ae6E6D41d155E5D909246A843de88106A73E33": 753.8083996188321,
  "0x8860f2dD5CAB736a6Cc4D2612aa214548194D1Cd": 25505.67210751189,
  "0x8Dc2b82CEaCB0b2329138811ca58F3d761962703": 4.4626628085301725,
  "0x8b6D0Ad07dc09dE296563e1Ac4c4f241Ac38eD46": 1389.7038181997693,
  "0x8d530eDa738C0d8F2F10b52b44661d4BBb0AE336": 1.1201973807417163,
  "0x9280D897BEa05C175fdF7dbd48a6F8745F37AAC4": 50.247067945818955,
  "0x9A5472Ca492DA36eFF66c3BfE69D4e80e3EBA1dA": 2883.423469450568,
  "0x9AcdBAEF13C374022E2Ca4e9494aF526CfC920B4": 1004.8001979841299,
  "0x9f04928Ad1A2b204036A042ab8a62Ec7Ea15301C": 139.21371566410906,
  "0xA0Ff14bc3aC4B995E85cB9c8C07A9688609A42a2": 1255.754800732963,
  "0xA71dE7E1B7ED086b4EdE0be541E7076c51244541": 399.9991207696558,
  "0xA8Bc553f9f4232c9Ae6155ad91cf08168dEf2f98": 753.9452456087683,
  "0xAAedE75485D8eCAC139Dc0877a3CAA987D03d325": 1.7584097592618393,
  "0xAB39A88E851a7843E1DE9Bf4349f0591Aa5182BA": 64902.63615656729,
  "0xAB9497dE5d2D768Ca9D65C4eFb19b538927F6732": 252.41095618852597,
  "0xAe3c0c640Ac5565F5FeFCD36446EDa6Fc3631872": 125.6253962135721,
  "0xB0720A40d6335dF0aC90fF9e4b755217632Ca78C": 7.537422386965323,
  "0xB3e74dE43176bB5d9922Fc611E30EE736a5B65ad": 1127.8590949699844,
  "0xB8ef70c10387Ce680bAE1470702CB9eDC6F38913": 25065.124792819828,
  "0xBe80ef1729fe8DC54e980fF9665550C302d747b0": 150.8407949183089,
  "0xD13E6e8FF187F0933219622E377eC9Cb73e200a0": 0.25121169654250897,
  "0xD7625B5eb8c96128A901EF90FE0ED01C287d253B": 999.9320951985293,
  "0xD92A9FCa6A49e19be2459366e263656322433AF2": 1.349216586435936,
  "0xDb575F3AD57Dc13bcA710BC02e9dA75D64114172": 3.268417351957492,
  "0xE1d620FC6eD5bBA9c3E734313CE73c128726Df90": 4968.712636233011,
  "0xE366619833126918F7fd3Bdf516002BdaDF1ae5f": 502.28849238078084,
  "0xE66fBC8Be19bD6B60a7FdC743a1019435EE0a04F": 32.119804586821914,
  "0xE7CA372E697edb3ACD2354219d055972C4EE4539": 65.46847365488416,
  "0xE838c61635dd1D41952c68E47159329443283d90": 6521444.435389383,
  "0xEb7FB6094Bb359F4784A161a2eaC15Ff4402D502": 0.0020660742571641313,
  "0xEcb2E8BF396bC68022288d09b5d0D3B1bba48e70": 6.379573677056329,
  "0xF3EE6853C93716FfB27bAEB32d7D7BC952b68F3c": 84.06434283280848,
  "0xF74148Cd8F665A29713EFe05C8Dcd96ECb1DeAEF": 110.8387701808775,
  "0xF984Ce92E431E83Aa28bdac20d115e2929332F94": 2136.2233924053594,
  "0xF9a57b22CeAB4cc2F946843825BCd82a294c2156": 751.0028028262894,
  "0xFBEF474c7412617786D88F1d24233cAa5566dcC9": 4802609.086245914,
  "0xFE4F9b23A2Cfe38D022D27C18376bAb9256E023A": 7534.189432879199,
  "0xaD973ff8fEa8edE7E5A6ed1b7a27a823f3bC9fa1": 468.5083461739926,
  "0xaE66C97CA41d7AD0e59c032177a9C67949601B25": 125.07917842605453,
  "0xaea90572ACd703FA8D6B72C2C2AfBc83eD0e7272": 1511.544136974365,
  "0xb4c5355f35e0FC4A3dAFC55F64319416e154FB11": 11804.628035964828,
  "0xb95C11A236a5bF7C900dBBd95d582BE4EFb9fA8A": 107.4834979749919,
  "0xbc0CDA0516b422D2B8d69afbB8Fef41BBa1eDE32": 3765.2262652784616,
  "0xc896E266368D3Eb26219C5cc74A4941339218d86": 12576.743506382789,
  "0xd921CEB22808e0180cB9fe43565E298113eb3107": 1409.217429237262,
  "0xe120Be880D79adEd4cdbf6F2f9Ef880987c82dc8": 139.9382260369739,
  "0xe6294bde9186B9e4705dDB36F5c615f1b4B615Be": 25.206370417502832,
  "0xf507c1215ff75D95895085aEd255d925967dea7E": 24.20961244153417,
  "0xfDC3D1f88805cCDc18340AB8A819d84e307BfAd2": 43982.33943502106,
  "0xfF4ec6D1B54C18Ab28CB2ba460D9d04b865C06e7": 2012.3927921219617
}