{
  "0x0607b0c69cc062781829446A3c2EBEd9BffEc7f2": 131.41426419836935,
  "0x0B540314dE20D5de8B6a633FBA68695f2aF26714": 7893.510956539372,
  "0x0acC0A51cbbE337F92Fa9B7e04FFF6632455E78A": 998.9545786806486,
  "0x127D9f116d2b43F811F754307Fd2fc27294a39cD": 0.00470436499325567,
  "0x1381f5EE2107aB4BfB3375410aC1559241EAd2BA": 3052.3577574006495,
  "0x1E49d2aF9823d0E404A8e1aea5dfd378f66F6700": 998.8112221708079,
  "0x1b2Ae1ac409558808E32E5e871D54a5a74D08815": 363.64910365038656,
  "0x1b6f876416fD17e0f0CF2B7C47b0f13408156dbe": 4.976227131331756,
  "0x2836545d6E07E9E96A9B622a2E5f4787eC9Cc2Ae": 3167.098550923886,
  "0x2DB5e435df400d4C4770098dDa0E04a03a268581": 26.15055905112249,
  "0x36A87d1E3200225f881488E4AEedF25303FebcAe": 1.997324399349207,
  "0x37A92F12b2Ec84DC0AA244941ca5aC926D3dD4b6": 0.001642886803078576,
  "0x380aB69b2c0295123Ea17F75cd0f2065b60aF32B": 2332.4408077188787,
  "0x3D6991085Ab1ae3926cB96f25684C40a364B6856": 1.8158780720423424,
  "0x3e6EdBa22D9cE22a7168406d26598AE20FE08e41": 3038.398781333935,
  "0x423eA747B41c83DB6B903b685B252e5B19314F94": 511.42364755912394,
  "0x46Da37665Ab250f3C2acA39644c7f22F908F6da0": 1000.7081723622453,
  "0x48c05DFf8f5d94ED508C91fe12EA7b754a7b820e": 8.521890573044004,
  "0x4bC9611bBD793FB76B6E69CBfDAE254f13F4841e": 9.991261728677141,
  "0x4ce6D507d1726eFC932100502f1D0bFFe1f5f22F": 0.006281499487997547,
  "0x5c326F1533732566fFDEf9cC1fB5a314B359B18E": 1044.6927226053624,
  "0x5d4614B4E5E21d7344B369e09b9be2bb8241a307": 19976.633290234247,
  "0x6545100189C47BF5bAa3be08B69Cb94Ac7C6f158": 0.9300427521724697,
  "0x6B2B6C9F8FFC582046c0348E2f450Ea1286c5382": 1998.636515851111,
  "0x6C5E71fFEe8eB9f8E34DF044F2aE267797Fe9bF5": 390919.7321961343,
  "0x6a97B6c144f7f505233B5D925362d3e6ae5BA44A": 9.998847054800054,
  "0x718628701b712d58027D6d204e59F9fA3AA4690C": 38.75331028318512,
  "0x7c883059b90AeAA8B5fAD2D20Ddc8b0341cA7c98": 4993721.54532908,
  "0x7cC42eDEEa002CC7667711a52754CBa998Ac216E": 28.46659294283067,
  "0x81f4d07a6ab0CcE8BcfD067c1E9f9Dcd4a90EFf7": 24.461997594772164,
  "0x833698FC59293EE9d10eCE3145dAAf4f0f3202E8": 20.398704623415895,
  "0x84Ae6E6D41d155E5D909246A843de88106A73E33": 2997.3676780616775,
  "0x8860f2dD5CAB736a6Cc4D2612aa214548194D1Cd": 101418.18162407419,
  "0x8Dc2b82CEaCB0b2329138811ca58F3d761962703": 17.74488221030711,
  "0x8d530eDa738C0d8F2F10b52b44661d4BBb0AE336": 4.454239862254632,
  "0x9280D897BEa05C175fdF7dbd48a6F8745F37AAC4": 199.79737218943572,
  "0x9c3EC4a494D6BA581479a78CF76d059d36abC31F": 861.9981241420613,
  "0x9e9F9E1D0208a39d99d9DC29aAD7e8fA9Ae4919F": 1026.597704049728,
  "0xA6163dFDf2571cE0367Ae57E55E8AE131DbaBC64": 0.004486462872071479,
  "0xAAedE75485D8eCAC139Dc0877a3CAA987D03d325": 6.991963183037977,
  "0xB0720A40d6335dF0aC90fF9e4b755217632Ca78C": 29.971046024443822,
  "0xBD6c8a1Aa23B07B4480d665dCd57F1A8034c0975": 401942.7498727115,
  "0xBe80ef1729fe8DC54e980fF9665550C302d747b0": 599.7881204957242,
  "0xD13E6e8FF187F0933219622E377eC9Cb73e200a0": 0.9988928485651006,
  "0xD3ca6674537FB77f3628337bF1896DC60130748a": 500.188586317437,
  "0xD92A9FCa6A49e19be2459366e263656322433AF2": 5.364888728929934,
  "0xDE59C728B87062a7Eeef997F747c41Bc6565Fa5A": 10010.044462478143,
  "0xDb575F3AD57Dc13bcA710BC02e9dA75D64114172": 12.996205049090802,
  "0xE52D5A7414f188056e849cFE2AeE84088E7DFEB9": 686.8310006233892,
  "0xE7CA372E697edb3ACD2354219d055972C4EE4539": 260.32223435611587,
  "0xE838c61635dd1D41952c68E47159329443283d90": 25931213.786945686,
  "0xEb7FB6094Bb359F4784A161a2eaC15Ff4402D502": 0.00821532925612195,
  "0xEcb2E8BF396bC68022288d09b5d0D3B1bba48e70": 25.367093215054183,
  "0xF373359a8A2D828a7b165887d2a27218fDAF6200": 40.96504146037088,
  "0xF3EE6853C93716FfB27bAEB32d7D7BC952b68F3c": 334.2649726534847,
  "0xF74148Cd8F665A29713EFe05C8Dcd96ECb1DeAEF": 440.72810462746247,
  "0xFBEF474c7412617786D88F1d24233cAa5566dcC9": 839665.9138775073,
  "0xa727c0fB46970024D43c03f937d9d271943823D0": 648.9096012264013,
  "0xaea90572ACd703FA8D6B72C2C2AfBc83eD0e7272": 6010.351625720206,
  "0xb95C11A236a5bF7C900dBBd95d582BE4EFb9fA8A": 427.38653869889816,
  "0xc76B3329eD9176eaEfcD8A2312214d364a7AC04a": 940.7517581349186,
  "0xd3181eA13d1Bae2A4FCAa72d87e933F3D021e5e8": 111.85527820906691,
  "0xd6A5709E51d0C9a63443C5F9f5987Aa037dFce36": 6361.167533194207,
  "0xdc77974855C06C6A7261F4db7A0CAfdDfEdfd8fe": 26820.978354478484,
  "0xe6294bde9186B9e4705dDB36F5c615f1b4B615Be": 100.22806857667909,
  "0xf2D5D43D4E644b32d9B9E3077be0E16d0a6AfFcA": 6637.518425810282,
  "0xf507c1215ff75D95895085aEd255d925967dea7E": 96.2646607113258,
  "0xfa63444483E2609cE30B057C4E7BA131A6596280": 2171.341190186629
}