height,user_address,token_address,amount
14719113,0x1cef48DEF405470B960aa8a1ee80C56235071531,0xb599c3590F42f8F995ECfa0f85D2980B76862fc1,3.5259969530667683
14719113,0x218Eb2694357FD7Dfd79Da8eeefF3049c4fbaC4E,0xb599c3590F42f8F995ECfa0f85D2980B76862fc1,5342850.316015291
14719113,0xc036Caff65c1A31eAa53e60F6E17f1E6689937AA,0xb599c3590F42f8F995ECfa0f85D2980B76862fc1,3099571.2749647563
