height,user_address,token_address,amount
14390891,0x1cef48DEF405470B960aa8a1ee80C56235071531,0xb599c3590F42f8F995ECfa0f85D2980B76862fc1,0.8291672947275761
14390891,0x218Eb2694357FD7Dfd79Da8eeefF3049c4fbaC4E,0xb599c3590F42f8F995ECfa0f85D2980B76862fc1,1256415.363266732
14390891,0xc036Caff65c1A31eAa53e60F6E17f1E6689937AA,0xb599c3590F42f8F995ECfa0f85D2980B76862fc1,728889.7758809731
15208591,0x1cef48DEF405470B960aa8a1ee80C56235071531,0xb599c3590F42f8F995ECfa0f85D2980B76862fc1,6289.209686
