{
  "0x1cef48DEF405470B960aa8a1ee80C56235071531": 0.8291672947275761,
  "0x218Eb2694357FD7Dfd79Da8eeefF3049c4fbaC4E": 1256415.363266732,
  "0xc036Caff65c1A31eAa53e60F6E17f1E6689937AA": 728889.7758809731
}