{
  "0x1cef48DEF405470B960aa8a1ee80C56235071531": 3.2982640493263284,
  "0x218Eb2694357FD7Dfd79Da8eeefF3049c4fbaC4E": 4997772.644958765,
  "0xc036Caff65c1A31eAa53e60F6E17f1E6689937AA": 2899379.8464996126
}