{
  "0x1cef48DEF405470B960aa8a1ee80C56235071531": 3.5259969530667683,
  "0x218Eb2694357FD7Dfd79Da8eeefF3049c4fbaC4E": 5342850.316015291,
  "0xc036Caff65c1A31eAa53e60F6E17f1E6689937AA": 3099571.2749647563
}