{
  "0x0409F0c36FF9A0B024C0C46d3905b5DA674609C2": 38802.66235596095,
  "0x04C89B6513400df610c062F09Bc243a743f34Fd9": 8049.613115403584,
  "0x3B9Aa68e59FDc640546f2b9A268e228f7E16D835": 2001.4017133478508,
  "0x589d13DB789647Bbc4c80B5daA330B140a7C86F4": 10.130161567906658,
  "0x8d4EEAaFaa3404B71372245eC7d97Aa9d0B1199d": 50.90627627198011,
  "0xAEf5865760687580De4AF074eD56fF9b6E6AA1E3": 32251.517075048785,
  "0xAa8418D554C6D586bA14146d1Fb0fB19255A657f": 16.566677826905906,
  "0xDeb9bC9527B27619dB786BF0DA026D60c6F53C95": 10023.18323975538,
  "0xE492e921F11d8c42f78E80E9Bb9abc75D9C49243": 1999.9948720957811,
  "0xF8aaE8D5dd1d7697a4eC6F561737e68a2ab8539e": 508969.3711132489,
  "0xfFBaA0dE31Cd06c0031682E6e991b2515e71192e": 5006.038412471948
}