{
  "0x0409F0c36FF9A0B024C0C46d3905b5DA674609C2": 76237.41102620834,
  "0x04C89B6513400df610c062F09Bc243a743f34Fd9": 15815.45250816289,
  "0x3B9Aa68e59FDc640546f2b9A268e228f7E16D835": 3932.2478351957147,
  "0x589d13DB789647Bbc4c80B5daA330B140a7C86F4": 19.903203654678013,
  "0x8d4EEAaFaa3404B71372245eC7d97Aa9d0B1199d": 100.01794908705439,
  "0xAEf5865760687580De4AF074eD56fF9b6E6AA1E3": 63366.06856801281,
  "0xAa8418D554C6D586bA14146d1Fb0fB19255A657f": 32.54932909608901,
  "0xDeb9bC9527B27619dB786BF0DA026D60c6F53C95": 19693.018314833345,
  "0xE492e921F11d8c42f78E80E9Bb9abc75D9C49243": 3929.483748190582,
  "0xF8aaE8D5dd1d7697a4eC6F561737e68a2ab8539e": 999996.0,
  "0xfFBaA0dE31Cd06c0031682E6e991b2515e71192e": 9835.598510316699
}