{
  "0x2c6d8310Be7Ba428Fd2cf9D941b248c57aE6b0bf": 42.66161012004424,
  "0x589d13DB789647Bbc4c80B5daA330B140a7C86F4": 21.396181687030985,
  "0x61709f32808EBCD44b0D7c9271a4A16D167A7AC4": 8.125417278496759,
  "0x8d4EEAaFaa3404B71372245eC7d97Aa9d0B1199d": 107.52049005577292,
  "0xAa8418D554C6D586bA14146d1Fb0fB19255A657f": 34.99091760371937,
  "0xDeb9bC9527B27619dB786BF0DA026D60c6F53C95": 21170.22993588112,
  "0xF8aaE8D5dd1d7697a4eC6F561737e68a2ab8539e": 1075007.6456799626,
  "0xb17AB642f216ffFf5F0abaC3329a6eEACB16200b": 5289.669075411241
}